programme_id,q,n_layers,premium,exp_reinst_premium,exp_recovery,net_cost,gross_mean,gross_ec,net_mean,net_sd,net_var_99,net_var_995,net_tvar_99,ec_net,relief,relief_pct,implied_coc,net_oep_5,net_aep_5,net_oep_10,net_aep_10,net_oep_20,net_aep_20,net_oep_50,net_aep_50,net_oep_100,net_aep_100,net_oep_200,net_aep_200,net_oep_250,net_aep_250,coc_below_h08,coc_below_h10,coc_below_h12,relief_approx
QS0_XS0,0.0,0,0.0,0.0,0.0,0.0,1548.8838835720812,25324.62602589614,1548.8838835720812,3275.8244890740234,19730.027342244033,26873.509909468223,26315.79930673035,25324.62602589614,0.0,0.0,,1239.4427165910356,1820.1344724075866,2477.4208111492117,3309.10068152142,4586.224475583159,5698.929294949486,9999.308439418268,11423.618706776182,18218.41369094526,19730.027342244033,26638.716635035937,26873.509909468223,26638.716635035937,27090.87322362885,False,False,False,0.0
QS10_XS0,0.1,0,298.3823695180084,0.0,154.88838835720813,143.49398116080025,1548.8838835720812,25324.62602589614,1692.3778647328818,2948.242040166621,18055.406977537637,24484.541288039407,23982.601745575324,22792.163423306527,2532.462602589614,0.1,0.056661836196146766,1115.498444931932,1936.5033946848362,2229.6787300342908,3276.572982887287,4127.602028024843,5427.418734972545,8999.37759547644,10579.639205616573,16396.572321850734,18055.406977537637,23974.844971532344,24484.541288039407,23974.844971532344,24680.168270783972,True,True,True,2532.4626025896146
QS20_XS0,0.2,0,596.7647390360167,0.0,309.77677671441626,286.9879623216005,1548.8838835720812,25324.62602589614,1835.871845893682,2620.659591259219,16380.786612831243,22095.572666610595,21649.4041844203,20259.700820716913,5064.925205179228,0.2,0.056661836196146766,991.5541732728285,2052.872316962086,1981.9366489193694,3244.0452842531527,3668.9795804665273,5155.908174995606,7999.446751534615,9735.659704456963,14574.73095275621,16380.786612831243,21310.97330802875,22095.572666610595,21310.97330802875,22269.4633179391,True,True,True,5064.925205179229
QS0_A5_E50_T0_C80_R0,0.0,1,811.9179475771454,0.0,400.34331875729555,411.5746288198498,1548.8838835720812,25324.62602589614,1960.4585123919314,2176.1579124475506,13533.945289821178,20677.427857045368,20119.717254307496,18716.969344653437,6607.6566812427045,0.2609182332835213,0.06228753227875707,1239.4427165910356,2433.921072146035,1487.4841622290332,3110.884363975321,1909.2448951165234,3894.2001393395867,3204.930718064985,5749.521780759791,11421.102101385783,13533.945289821178,19630.716635035937,20677.427857045368,19630.716635035937,20894.791171205994,True,True,True,6607.6566812427045
QS0_A5_E50_T0_C80_R1,0.0,1,856.9826185123014,48.95651621183392,408.0851997614278,497.8539349627075,1548.8838835720812,25324.62602589614,2046.7378185347893,2247.3885626622464,13920.523168619085,21547.574252221915,20609.34368388971,19500.836433687127,5823.789592209014,0.2299654725899524,0.08548625033238318,1239.4427165910356,2517.4720765386824,1487.4841622290332,3287.8420263351823,1909.2448951165234,4253.188881209879,2991.861687883329,6414.40679281401,11210.41369094526,13920.523168619085,19630.716635035937,21547.574252221915,19630.716635035937,21761.20471269732,False,True,True,6599.914800238572
QS0_A5_E50_T0_C100_R0,0.0,1,1014.8974344714316,0.0,500.42914844661937,514.4682860248122,1548.8838835720812,25324.62602589614,2063.352169596894,1937.0185754321255,11984.924776715465,19128.407343939652,18570.696741201788,17065.055174342757,8259.570851553384,0.32614779160440177,0.06228753227875704,1239.4427165910356,2489.6907089037168,1240.0000000001382,3004.5249545879615,1240.0000000013633,3632.9596736126014,1606.8805151400193,4916.909224735365,9731.207017371948,11984.924776715465,17878.716635035937,19128.407343939652,17878.716635035937,19345.77065810028,True,True,True,8259.57085155338
QS0_A5_E50_T0_C100_R1,0.0,1,1071.2282731403768,61.1956452647924,510.1064997017847,622.3174187033844,1548.8838835720812,25324.62602589614,2171.201302275466,2015.976657844014,12549.351036809821,20214.683149987937,19195.10754348438,18043.48184771247,7281.144178183669,0.2875124067276732,0.08546972886047502,1239.4427165910356,2655.1116776500303,1240.0000000001348,3244.7747395436318,1240.0000000013388,3949.165957547509,1240.0000000037242,5471.914536415832,9478.19577527314,12549.351036809821,17878.716635035937,20214.683149987937,17878.716635035937,20424.394806649598,False,True,True,8249.893500298216
QS0_A5_E100_T0_C80_R0,0.0,1,1279.0329109858003,0.0,496.76802093391603,782.2648900518843,1548.8838835720812,25324.62602589614,2331.148773623966,1552.5937272365118,7931.741625691032,14568.542820454022,14038.081929604903,12237.394046830057,13087.231979066084,0.5167788841455548,0.05977313547304503,1239.4427165910356,2901.03603555469,1487.4841622290332,3577.999327383976,1909.2448951165234,4361.315102748242,2991.861687883329,5637.147222385222,4878.419940654403,7931.741625691032,13054.716635035937,14568.542820454022,13054.716635035937,14785.906134614648,True,True,True,13087.231979066084
QS0_A5_E100_T0_C80_R1,0.0,1,1285.3082185780179,47.00382950773698,501.1551250744523,831.1569230113025,1548.8838835720812,25324.62602589614,2380.0408065833844,1657.7886318262606,8975.638284730785,15818.843040863223,14883.058637348573,13438.80223427984,11885.823791616302,0.46933857105973625,0.06992842377467864,1239.4427165910356,2936.9964501600316,1487.4841622290332,3687.380219274948,1909.2448951165234,4605.179661663159,2991.861687883329,6233.824297278794,4635.6827381887815,8975.638284730785,13054.716635035937,15818.843040863223,13054.716635035937,16028.554697524884,True,True,True,13082.844874925548
QS0_A5_E100_T0_C100_R0,0.0,1,1598.7911387322501,0.0,620.960026167395,977.8311125648552,1548.8838835720812,25324.62602589614,2526.7149961369364,1189.9813572867095,6006.60071590709,11492.301048200472,11069.557222606483,8965.586052063536,16359.039973832605,0.6459736051819435,0.05977313547304502,1239.4427165910356,3073.1064060407534,1240.0000000000973,3544.601834067501,1240.00000000127,4136.166717495816,1240.000000002965,4850.145765688945,1657.3943672504938,6006.60071590709,9658.716635035937,11492.301048200472,9658.716635035937,11709.664362361098,True,True,True,16359.039973832605
QS0_A5_E100_T0_C100_R1,0.0,1,1606.635273222522,58.75478688467121,626.4439063430654,1038.9461537641278,1548.8838835720812,25324.62602589614,2587.8300373362094,1297.4066704580832,6774.735067302446,13065.49715015223,12069.665297823818,10477.667112816021,14846.95891308012,0.5862656727052199,0.06997703434397058,1239.4427165910356,3171.9514995537193,1240.000000000095,3731.0644409101924,1240.000000001262,4364.26099454983,1240.0000000029481,5265.725925771122,1240.0000000037248,6774.735067302446,9658.716635035937,13065.49715015223,9658.716635035937,13269.946449033654,True,True,True,16353.556093656935
QS0_A5_E100_T50_C80_R0,0.0,2,1274.883428085745,0.0,492.8369318707057,782.0464962150393,1548.8838835720812,25324.62602589614,2330.9303797871207,1569.171815272452,8799.357539142384,14574.944186036842,14247.154006597772,12244.01380624972,13080.61221964642,0.5165174880083366,0.059786689115395135,1239.4427165910356,2896.8865526546347,1487.4841622290332,3573.8498444839206,1909.2448951165234,4357.165619848186,3046.282503179478,5632.997739485167,5639.706580420168,8799.357539142384,13054.716635035937,14574.944186036842,13054.716635035937,14783.143429502536,True,True,True,13091.163068129294
QS0_A5_E100_T50_C80_R1,0.0,2,1319.4833201622223,55.46174141911624,501.07619456360163,873.8688670177369,1548.8838835720812,25324.62602589614,2422.752750589819,1672.282679608861,8988.000690942588,15887.19324403163,14953.560616330196,13464.440493441813,11860.185532454328,0.46832618654769026,0.07368087662933041,1239.4427165910356,2979.972778188603,1487.4841622290332,3750.342727985103,1909.2448951165234,4715.6895828598,2991.861687883329,6399.764415548811,4657.804960822756,8988.000690942588,13054.716635035937,15887.19324403163,13054.716635035937,16100.898802844655,True,True,True,13082.923805436398
QS0_A5_E100_T50_C100_R0,0.0,2,1593.604285107181,0.0,616.0461648383821,977.558120268799,1548.8838835720812,25324.62602589614,2526.4420038408807,1207.5003921815673,6480.605684724926,11508.590661971295,11321.597474385368,8982.148658130414,16342.477367765727,0.6453195933102601,0.0598170092740625,1239.4427165910356,3067.9195524156844,1240.0000000000764,3539.414980442432,1240.0000000010382,4130.979863870747,1240.000000002919,4907.193321592766,3197.0112869712975,6480.605684724926,9658.716635035937,11508.590661971295,9658.716635035937,11718.533642167084,True,True,True,16363.953835161617
QS0_A5_E100_T50_C100_R1,0.0,2,1649.3541502027779,69.32717677389529,626.3452432045019,1092.3360837721712,1548.8838835720812,25324.62602589614,2641.219967344253,1313.323747386143,6856.9596207975355,13150.934904112739,12164.98504000707,10509.714936768487,14814.911089127654,0.5850001920651624,0.07373220650468927,1239.4427165910356,3233.237554712431,1240.0000000000664,3822.9006166060326,1240.000000000945,4472.879076337907,1240.0000000025857,5396.145979172919,1264.9878340162832,6856.9596207975355,9658.716635035937,13150.934904112739,9658.716635035937,13355.384202994162,True,True,True,16353.654756795499
QS0_A5_E200_T0_C80_R0,0.0,1,1711.224759683038,0.0,551.7269530012485,1159.4978066817894,1548.8838835720812,25324.62602589614,2708.381690253871,1165.3691901798331,7611.547817352372,8500.479144403074,9078.61962010918,5792.097454149203,19532.528571746938,0.7712859629900796,0.059362401668719894,1239.4427165910356,3333.2278842519277,1487.4841622290332,4010.1911760812136,1909.2448951165234,4793.506951445479,2991.861687883329,6069.339071082461,4640.360992161626,7611.547817352372,6319.743327005421,8500.479144403074,6319.743327007283,8719.813907727228,True,True,True,19767.246355027502
QS0_A5_E200_T0_C80_R1,0.0,1,1699.2213373410314,46.13711667942293,554.5375854534698,1190.8208685669845,1548.8838835720812,25324.62602589614,2739.7047521390664,1287.0401247077561,8672.305044939558,10083.282820066346,10335.236936665866,7343.578067927279,17981.04795796886,0.7100222502627295,0.06622644416224001,1239.4427165910356,3347.950331072554,1487.4841622290332,4088.872198594182,1909.2448951165234,4994.794315449028,2991.861687883329,6577.902043375087,4635.6827381887815,8672.305044939558,6319.743327005421,10083.282820066346,6319.743327007283,10314.525158389839,True,True,True,19764.435722575283
QS0_A5_E200_T0_C100_R0,0.0,1,2139.0309496037976,0.0,689.6586912515606,1449.372258352237,1548.8838835720812,25324.62602589614,2998.256141924319,809.9271593919545,5472.178826085984,5925.311212457391,6295.599565262177,2927.055070533072,22397.57095536307,0.8844186260622384,0.06471113591919157,1239.4427165910356,3602.2519339722753,1240.0000000000705,4047.7030762801105,1240.0000000011937,4558.218898590574,1240.000000002473,5068.371151979241,1240.0000000032005,5472.178826085984,1240.0000000035689,5925.311212457391,1240.0000000036453,6033.151827505788,True,True,True,24709.057943784377
QS0_A5_E200_T0_C100_R1,0.0,1,2124.0266716762885,57.67139584927864,693.1719818168372,1488.52608570873,1548.8838835720812,25324.62602589614,3037.4099692808118,896.7188776682307,6120.206131685397,6610.748357826993,6771.754305732911,3573.3383885461812,21751.28763734996,0.8588986710053605,0.06843392954597895,1239.4427165910356,3681.694737520827,1240.0000000000668,4230.231212569118,1240.0000000011717,4845.431220595566,1240.0000000024484,5614.914930031748,1240.0000000031168,6120.206131685397,1240.0000000034815,6610.748357826993,1240.0000000035548,6773.686134274713,True,True,True,24705.544653219098
QS0_A5_E200_T50_C80_R0,0.0,2,1705.481215923393,0.0,546.2987517305311,1159.182464192862,1548.8838835720812,25324.62602589614,2708.066347764943,1199.2955444696654,7969.074362605549,8723.74344336649,9529.14150004308,6015.677095601546,19308.948930294595,0.7624574163721072,0.060033431564686233,1239.4427165910356,3327.484340492282,1487.4841622290332,4004.4476323215686,1909.2448951165234,4787.763407685834,3046.282503179478,6063.595527322815,4924.07256089359,7969.074362605549,6319.743327007283,8723.74344336649,6319.743327007283,8983.718541903316,True,True,True,19772.674556298218
QS0_A5_E200_T50_C80_R1,0.0,2,1745.2981134862243,58.696185133540126,554.4105038443734,1249.5837947753912,1548.8838835720812,25324.62602589614,2798.4676783474733,1314.2919315889574,8843.240311863323,10183.63863619119,10444.571876263843,7385.170957843717,17939.455068052426,0.7083798611560195,0.0696556160727936,1239.4427165910356,3405.7875715126056,1487.4841622290332,4176.1575213091055,1909.2448951165234,5141.5043761838015,2991.861687883329,6821.1935376541205,4640.3609921653515,8843.240311863323,6319.743327007283,10183.63863619119,6319.743327007283,10401.362701565717,True,True,True,19764.562804184374
QS0_A5_E200_T50_C100_R0,0.0,2,2131.8515199042413,0.0,682.8734396631637,1448.9780802410776,1548.8838835720812,25324.62602589614,2997.861963813159,847.6014228528188,5580.26603471569,6134.207549027758,6860.1053004673095,3136.3455852145994,22188.28044068154,0.8761543178561659,0.06530375727469263,1239.4427165910356,3595.072504272719,1240.0000000000439,4040.5236465805547,1240.0000000008158,4551.039468891018,1240.0000000019259,5108.555678034265,1240.0000000031132,5580.26603471569,1240.0000000036998,6134.207549027758,1501.6843769449813,6359.875098454301,True,True,True,24715.843195372774
QS0_A5_E200_T50_C100_R1,0.0,2,2181.6226418577808,73.37023141692515,693.0131298054665,1561.979743469239,1548.8838835720812,25324.62602589614,3110.863627041321,927.5024310373592,6292.005465255623,6770.513553280356,6950.171600327714,3659.6499262390353,21664.976099657106,0.8554904651900171,0.07209699822811994,1239.4427165910356,3765.5060463674345,1240.0000000000314,4355.169108261036,1240.0000000007462,5004.023133793747,1240.0000000017392,5785.1714344825505,1240.0000000026037,6292.005465255623,1240.0000000031537,6770.513553280356,1240.000000003272,6916.293009753581,True,True,True,24705.70350523047
QS0_A5_E200_T100_C80_R0,0.0,2,1709.353487831359,0.0,549.9676512823665,1159.3858365489923,1548.8838835720812,25324.62602589614,2708.2697201210735,1181.892202905825,7609.676545500692,8518.514665724137,9252.50276572823,5810.244945603063,19514.38108029308,0.7705693683428259,0.05941186818985601,1239.4427165910356,3331.3566124002487,1487.4841622290332,4008.3199042295346,1909.2448951165234,4791.6356795938,2991.861687883329,6067.467799230781,4690.241403474407,7609.676545500692,6319.743327007283,8518.514665724137,6319.743327007283,8768.735125649468,True,True,True,19769.00565674638
QS0_A5_E200_T100_C80_R1,0.0,2,1713.8796277806978,50.38860393580959,554.489434355224,1209.7787973612835,1548.8838835720812,25324.62602589614,2758.6626809333657,1297.4527184749988,8794.714195791135,10124.05187592718,10383.887970264643,7365.389194993814,17959.236830902326,0.7091609886968436,0.06736248364850482,1239.4427165910356,3365.5678593627117,1487.4841622290332,4115.951628477628,1909.2448951165234,5033.751070865839,2991.861687883329,6662.395706481474,4635.6827381887815,8794.714195791135,6319.743327007283,10124.05187592718,6319.743327007283,10353.594558005327,True,True,True,19764.483873673526
QS0_A5_E200_T100_C100_R0,0.0,2,2136.691859789198,0.0,687.4595641029582,1449.23229568624,1548.8838835720812,25324.62602589614,2998.1161792583216,828.5493326138467,5496.369817370101,5962.240045640289,6486.148090587064,2964.1238663819677,22360.502159514173,0.8829548810177512,0.0648121533831299,1239.4427165910356,3599.912844157676,1240.000000000035,4045.3639864655115,1240.000000000956,4555.879808775975,1240.000000002291,5080.599636870261,1240.0000000031082,5496.369817370101,1240.0000000034888,5962.240045640289,1240.000000003568,6094.86000386336,True,True,True,24711.257070932978
QS0_A5_E200_T100_C100_R1,0.0,2,2142.3495347258718,62.98575491976197,693.11179294403,1512.2234967016036,1548.8838835720812,25324.62602589614,3061.1073802736855,907.7057033521919,6197.637096477674,6676.233919736488,6844.638552089226,3615.1265394628026,21709.49948643334,0.8572485715774799,0.06965722529193359,1239.4427165910356,3707.665761057069,1240.000000000029,4266.778702413542,1240.0000000009115,4899.97525605318,1240.0000000021387,5665.316796452577,1240.0000000029522,6197.637096477674,1240.000000003326,6676.233919736488,1240.0000000034015,6819.464201025151,True,True,True,24705.604842091907
QS0_A10_E50_T0_C80_R0,0.0,1,602.9789593016429,0.0,254.6116456541881,348.3673136474548,1548.8838835720812,25324.62602589614,1897.2511972195366,2389.264145367526,14317.006301545676,21460.488868769866,20902.778266031997,19563.23767155033,5761.3883543458105,0.22750141891352715,0.060465862084211286,1239.4427165910356,2423.1134317092296,2477.4208111492117,3590.9575286030445,2901.2448951165234,4582.742212735613,4125.865543471395,6937.804038550014,12348.516926876433,14317.006301545676,20622.716635035937,21460.488868769866,20622.716635035937,21677.852182930492,True,True,True,5761.388354345812
QS0_A10_E50_T0_C80_R1,0.0,1,627.2023575859592,26.544718155443423,258.7919876410009,394.9550881004018,1548.8838835720812,25324.62602589614,1943.8389716724837,2444.7588384059486,14657.926615985813,22101.881558133096,21294.105909266753,20158.04258646061,5166.58343943553,0.20401420475675924,0.07644415167783533,1239.4427165910356,2447.336829993546,2477.4208111492117,3671.8428235547203,2901.2448951165234,4810.564148679739,3983.8616878837947,7363.001653902223,12202.41369094526,14657.926615985813,20622.716635035937,22101.881558133096,20622.716635035937,22307.911892496202,True,True,True,5757.208012358999
QS0_A10_E50_T0_C100_R0,0.0,1,753.7236991270538,0.0,318.2645570677351,435.4591420593187,1548.8838835720812,25324.62602589614,1984.3430256314005,2188.337340675672,12963.751041371088,20107.233608595277,19549.52300585741,18122.890582963875,7201.735442932266,0.28437677364190905,0.06046586208421129,1239.4427165910356,2573.8581715346404,2477.4208111492117,3513.3967241969094,2480.0000000001746,4330.373253174415,2665.9927417210856,6281.436187808319,10850.050620945014,12963.751041371088,19118.716635035937,20107.233608595277,19118.716635035937,20324.596922755904,True,True,True,7201.735442932265
QS0_A10_E50_T0_C100_R1,0.0,1,784.0029469824489,33.18089769430427,323.48998455125115,493.69386012550194,1548.8838835720812,25324.62602589614,2042.5777436975836,2252.9692842201134,13467.527794778794,20905.343082167085,20046.92793903061,18862.7653384695,6461.860687426641,0.25516114950005386,0.07640119216530335,1239.4427165910356,2604.1374193900356,2477.4208111492117,3693.6872470501075,2480.0000000001683,4543.876761632837,2480.0000000018617,6688.264807628192,10698.41369094526,13467.527794778794,19118.716635035937,20905.343082167085,19118.716635035937,21109.09826432742,True,True,True,7196.510015448749
QS0_A10_E100_T0_C80_R0,0.0,1,1067.974162976438,0.0,349.02815439873086,718.9460085777072,1548.8838835720812,25324.62602589614,2267.8298921497885,1801.4667964482842,9280.870146770209,15349.48407244466,14894.54993728707,13081.654180294872,12242.971845601269,0.48344136782442526,0.058723161144572475,1239.4427165910356,2888.1086353840246,2477.4208111492117,4055.9527322778395,2901.2448951165234,5047.7374164104085,3983.8616878837947,6681.86629702997,5793.818893767962,9280.870146770209,14046.716635035937,15349.48407244466,14046.716635035937,15566.847386605286,True,True,True,12242.971845601269
QS0_A10_E100_T0_C80_R1,0.0,1,1072.507891320731,29.72803763387463,351.8493325102103,750.3865964443954,1548.8838835720812,25324.62602589614,2299.270480016477,1886.6795615976325,10127.854475116139,16410.35297084365,15661.754622736025,14111.082490827173,11213.543535068968,0.44279206822649075,0.066917883191665,1239.4427165910356,2892.642363728318,2477.4208111492117,4108.205429969759,2901.2448951165234,5212.699754336754,3983.8616878837947,7106.202883568889,5627.6827381887815,10127.854475116139,14046.716635035937,16410.35297084365,14046.716635035937,16614.108153003985,True,True,True,12240.15066748979
QS0_A10_E100_T0_C100_R0,0.0,1,1334.9677037205477,0.0,436.2851929984136,898.6825107221341,1548.8838835720812,25324.62602589614,2447.5663942942156,1489.5099316347262,7651.099359108417,12468.47761318877,12201.662409156617,10020.911218894555,15303.714807001586,0.6043017097805315,0.05872316114457248,1239.4427165910356,3155.1021761281345,2477.4208111492117,4078.9858667725184,2480.000000000094,4750.034236617414,2480.000000001506,6097.571538770149,2722.419940654403,7651.099359108417,10898.716635035937,12468.47761318877,10898.716635035937,12685.840927349396,True,True,True,15303.714807001586
QS0_A10_E100_T0_C100_R1,0.0,1,1340.6348641509137,37.16004704234329,439.81166563776276,937.9832455554941,1548.8838835720812,25324.62602589614,2486.867129127576,1580.9494464700454,8368.271502462048,13773.496332009014,13090.945697021072,11286.629202881439,14037.996823014702,0.5543219792726614,0.06681745674836671,1239.4427165910356,3160.7693365585,2477.4208111492117,4231.221304231111,2480.0000000000928,4996.943969910606,2480.000000001498,6401.296570975608,2480.0000000037235,8368.271502462048,10898.716635035937,13773.496332009014,10898.716635035937,13985.673386853501,True,True,True,15300.188334362238
QS0_A10_E100_T50_C80_R0,0.0,2,1065.9444398102426,0.0,347.10525876759823,718.8391810426443,1548.8838835720812,25324.62602589614,2267.723064614726,1810.7097189599301,9730.977700428717,15358.00519776134,15039.414974233747,13090.282133146615,12234.343892749526,0.4831006736383425,0.058755842352008106,1239.4427165910356,2886.0789122178294,2477.4208111492117,4053.923009111644,2901.2448951165234,5045.707693244212,4012.373108694075,6679.836573863774,6220.2025387556405,9730.977700428717,14046.716635035937,15358.00519776134,14046.716635035937,15566.204441227033,True,True,True,12244.894741232401
QS0_A10_E100_T50_C80_R1,0.0,2,1089.7030592358801,33.04994336272574,351.7829824431747,770.9700201554313,1548.8838835720812,25324.62602589614,2319.853903727513,1894.37340060243,10161.036718771353,16444.74330667395,15698.574173087587,14124.889402946437,11199.736622949704,0.44224687114815503,0.06883822772899983,1239.4427165910356,2909.8375316434667,2477.4208111492117,4134.343525204641,2901.2448951165234,5273.064850329661,3983.8616878837947,7180.774638238965,5627.682738189014,10161.036718771353,14046.716635035937,16444.74330667395,14046.716635035937,16648.498488834284,True,True,True,12240.217017556824
QS0_A10_E100_T50_C100_R0,0.0,2,1332.4305497628034,0.0,433.88157345949776,898.5489763033056,1548.8838835720812,25324.62602589614,2447.4328598753873,1500.075517595165,7914.875427939927,12487.41692662692,12368.269222841835,10039.984066751533,15284.641959144608,0.6035485753477674,0.058787701975950776,1239.4427165910356,3152.56502217039,2477.4208111492117,4076.4487128147744,2480.000000000057,4747.497082659669,2480.000000000984,6095.034384812405,3799.686221154134,7914.875427939927,10898.716635035937,12487.41692662692,10898.716635035937,12697.359906822709,True,True,True,15306.118426540503
QS0_A10_E100_T50_C100_R1,0.0,2,1362.1288240448498,41.31242920340716,439.7287280539684,963.7125251942887,1548.8838835720812,25324.62602589614,2512.5964087663706,1589.7172993203546,8427.311874064391,13819.96916423089,13142.822104667606,11307.37275546452,14017.253270431622,0.5535028732940828,0.06875188074308183,1239.4427165910356,3182.2632964524364,2477.4208111492117,4271.813124112508,2480.000000000051,5065.494649807374,2480.000000000902,6475.766039902908,2480.0000000018617,8427.311874064391,10898.716635035937,13819.96916423089,10898.716635035937,14030.189810609907,True,True,True,15300.271271946032
QS0_A10_E200_T0_C80_R0,0.0,1,1499.5131933864502,0.0,403.37488274929996,1096.1383106371502,1548.8838835720812,25324.62602589614,2645.0221942092317,1452.4705830374705,8853.168422817402,9481.82047118311,10084.329052171875,6836.798276973877,18487.827748922264,0.7300335937840586,0.059289729735882514,1239.4427165910356,3319.6476657940366,2477.4208111492117,4487.491762687851,2901.2448951165234,5479.2764468204205,3983.861687883329,7113.405327439982,5632.3609921653515,8853.168422817402,7311.743327005421,9481.82047118311,7311.743327005421,9699.155167920264,True,True,True,18923.59842527945
QS0_A10_E200_T0_C80_R1,0.0,1,1490.7123413704971,31.111129755445923,405.21195288922775,1116.6115182367153,1548.8838835720812,25324.62602589614,2665.495401808797,1548.728032763712,9713.103943822442,10774.09520569422,11191.947110706089,8108.599803885423,17216.026222010718,0.6798136408571708,0.06485884163031336,1239.4427165910356,3310.8468137780837,2477.4208111492117,4522.891236990674,2901.2448951165234,5615.925922203768,3983.861687883329,7485.888419114563,5627.6827381887815,9713.103943822442,7311.743327005421,10774.09520569422,7311.743327005421,11017.011975090658,True,True,True,18921.761355139522
QS0_A10_E200_T0_C100_R0,0.0,1,1874.3914917330626,0.0,504.2186034366249,1370.1728882964376,1548.8838835720812,25324.62602589614,2919.0567718685193,1148.8051142126044,6874.460023956295,7401.727218674772,7860.747139765999,4482.670446806253,20841.95557908989,0.8229916429082735,0.06574109051796902,1239.4427165910356,3694.525964140649,2477.4208111492117,4592.890208623343,2480.00000000002,5167.373735742556,2480.0000000011746,6070.449982592239,2480.00000000206,6874.460023956295,2480.0000000027926,7401.727218674772,2480.000000003034,7607.58056866152,True,True,True,23654.498031599313
QS0_A10_E200_T0_C100_R1,0.0,1,1863.3904267131218,38.888912194307395,506.5149411115346,1395.7643977958944,1548.8838835720812,25324.62602589614,2944.648281367976,1226.0134474366723,7280.28443267662,7949.390089871418,8244.068984837913,5004.741808503442,20319.884217392697,0.8023764772129011,0.0686895841956224,1239.4427165910356,3683.524899120708,2477.4208111492117,4744.200427763327,2480.0000000000164,5492.613497256498,2480.000000001138,6516.80653644164,2480.000000001951,7280.28443267662,2480.000000002641,7949.390089871418,2480.0000000028895,8153.544680858033,True,True,True,23652.201693924402
QS0_A10_E200_T50_C80_R0,0.0,2,1496.5422276478903,0.0,400.5670786274236,1095.9751490204667,1548.8838835720812,25324.62602589614,2644.8590325925484,1471.119406749186,8871.213270388685,9571.97268173021,10355.05562267898,6927.113649137662,18397.51237675848,0.7264672875305555,0.05957192073451238,1239.4427165910356,3316.6767000554773,2477.4208111492117,4484.520796949292,2901.2448951165234,5476.30548108186,4012.373108694075,7110.434361701422,5769.368315510794,8871.213270388685,7311.743327007283,9571.97268173021,7311.743327007283,9804.500042265816,True,True,True,18926.406229401324
QS0_A10_E200_T50_C80_R1,0.0,2,1515.5178525598822,36.284387077149624,405.1172917239464,1146.6849479130854,1548.8838835720812,25324.62602589614,2695.5688314851673,1562.94242383655,9807.346615316776,10824.297646521298,11254.740957339427,8128.728815036131,17195.89721086001,0.6790188014336734,0.06668363586105297,1239.4427165910356,3335.652324967469,2477.4208111492117,4560.158318528644,2901.2448951165234,5698.879643653662,3983.8616878837947,7602.4752494583,5627.682738189014,9807.346615316776,7311.743327007283,10824.297646521298,7311.743327007283,11066.633671633072,True,True,True,18921.856016304802
QS0_A10_E200_T50_C100_R0,0.0,2,1870.6777845598633,0.0,500.7088482842795,1369.968936275584,1548.8838835720812,25324.62602589614,2918.852819847666,1170.1331566919978,6870.7463167830965,7574.783090311064,8207.658322936997,4655.930270463398,20668.695755432742,0.8161500878353585,0.06628231178619431,1239.4427165910356,3690.8122569674497,2477.4208111492117,4589.176501450144,2480.0000000000123,5163.660028569358,2480.0000000005957,6066.73627541904,2480.000000001106,6870.7463167830965,2480.0000000015916,7574.783090311064,2480.0000000016917,7809.778033078454,True,True,True,23658.007786751656
QS0_A10_E200_T50_C100_R1,0.0,2,1894.3973156998527,45.355483846437025,506.396614654933,1433.3561848913566,1548.8838835720812,25324.62602589614,2982.2400684634385,1242.0973777796687,7377.788127258276,8043.010084616612,8348.023172646628,5060.770016153174,20263.856009742965,0.8001640770142786,0.07073462149564187,1239.4427165910356,3714.5317881074398,2477.4208111492117,4804.081615767512,2480.0000000000073,5594.095302500887,2480.0000000005857,6609.9913136617815,2480.0000000009213,7377.788127258276,2480.000000001407,8043.010084616612,2480.0000000014975,8256.061078740566,True,True,True,23652.320020381005
QS0_A10_E200_T100_C80_R0,0.0,2,1498.2947398219967,0.0,402.22778474718143,1096.0669550748153,1548.8838835720812,25324.62602589614,2644.950838646897,1463.480428228891,8851.949969252946,9480.602017618656,10197.705803614273,6835.651178971759,18488.974846924382,0.7300788895369336,0.05928219190893348,1239.4427165910356,3318.4292122295833,2477.4208111492117,4486.273309123398,2901.2448951165234,5478.057993255967,3983.8616878837947,7112.186873875528,5661.163778753555,8851.949969252946,7311.743327007283,9480.602017618656,7311.743327007283,9697.936714355812,True,True,True,18924.745523281566
QS0_A10_E200_T100_C80_R1,0.0,2,1501.079300523411,33.112812061947245,405.18364179098194,1129.0084707943763,1548.8838835720812,25324.62602589614,2677.892354366458,1554.6632660902494,9786.84667215103,10803.254456667488,11224.554211192797,8125.362102301029,17199.263923595114,0.6791517436825208,0.06564283656613502,1239.4427165910356,3321.213772930998,2477.4208111492117,4536.776839172439,2901.2448951165234,5641.271163539434,3983.8616878837947,7534.774292771569,5627.6827381887815,9786.84667215103,7311.743327007225,10803.254456667488,7311.743327007283,11057.943766664343,True,True,True,18921.789666237764
QS0_A10_E200_T100_C100_R0,0.0,2,1872.8684247774959,0.0,502.7847309339768,1370.083693843519,1548.8838835720812,25324.62602589614,2918.9675774156003,1161.3438452089006,6872.936957000728,7423.09065861679,8002.468079068997,4504.12308120119,20820.502944694952,0.8221445372344129,0.0658045436021811,1239.4427165910356,3693.0028971850825,2477.4208111492117,4591.367141667776,2480.0000000000036,5165.850668786989,2480.0000000008395,6068.926915636672,2480.000000001577,6872.936957000728,2480.00000000244,7423.09065861679,2480.000000002776,7640.649584570966,True,True,True,23655.93190410196
QS0_A10_E200_T100_C100_R1,0.0,2,1876.3491256542634,41.39101507743405,506.47955223872736,1411.26058849297,1548.8838835720812,25324.62602589614,2960.144472065052,1232.3379708440948,7318.13253983642,8007.203974205027,8289.974336177855,5047.059502139975,20277.566523756166,0.800705467595888,0.0695971376466505,1239.4427165910356,3696.48359806185,2477.4208111492117,4766.935565734461,2480.0000000000036,5532.658231413956,2480.0000000008013,6554.909249634753,2480.000000001508,7318.13253983642,2480.00000000206,8007.203974205027,2480.000000002444,8214.933173334466,True,True,True,23652.237082797208
QS0_A20_E50_T0_C80_R0,0.0,1,382.6237868954965,0.0,134.69621916415466,247.92756773134184,1548.8838835720812,25324.62602589614,1796.8114513034236,2691.4395514873645,15806.508463254188,22928.13369636372,22371.67685639868,21131.322245060295,4193.303780835846,0.1655820613717221,0.059124637920204,1239.4427165910356,2202.758259303083,2477.4208111492117,3691.7244684169164,4586.224475583159,5616.7479125820255,5711.532650149298,8394.208053488042,13920.424070962887,15806.508463254188,22310.716635035937,22928.13369636372,22310.716635035937,23145.497010524345,True,True,True,4193.303780835845
QS0_A20_E50_T0_C80_R1,0.0,1,390.920751931502,12.166253992139954,136.3811990233189,266.70580690032307,1548.8838835720812,25324.62602589614,1815.5896904724048,2727.503496400508,16069.603299973322,23327.351413331227,22637.850993196294,21511.761722858824,3812.864303037317,0.1505595501840148,0.06994893751866962,1239.4427165910356,2211.0552243390885,2477.4208111492117,3700.021433452922,4586.224475583159,5690.913586992988,5671.861687883562,8614.424105394955,13890.41369094526,16069.603299973322,22310.716635035937,23327.351413331227,22310.716635035937,23538.455085612804,True,True,True,4191.618800976681
QS0_A20_E50_T0_C100_R0,0.0,1,478.27973361937063,0.0,168.37027395519328,309.90945966417735,1548.8838835720812,25324.62602589614,1858.7933432362593,2553.7193792861785,14820.164409978062,21941.78964308759,21386.10541181938,20082.996299851333,5241.629726044808,0.20697757671465267,0.059124637920204,1239.4427165910356,2298.4142060269573,2477.4208111492117,3787.380415140791,4586.224475583159,5428.1165792626925,4649.896810579978,7917.147614845924,12842.576548697078,14820.164409978062,21228.716635035937,21941.78964308759,21228.716635035937,22159.152957248218,True,True,True,5241.629726044806
QS0_A20_E50_T0_C100_R1,0.0,1,488.65093991437766,15.207817490174945,170.47649877914867,333.3822586254039,1548.8838835720812,25324.62602589614,1882.2661421974856,2597.249734994009,15158.198512402985,22436.209641847912,21721.75385409933,20553.943499650428,4770.682526245713,0.1883811639061271,0.06988145968450324,1239.4427165910356,2308.785412321964,2477.4208111492117,3797.7516214357975,4586.224475583159,5579.3317574461325,4590.0000000018135,8147.830399862682,12808.41369094526,15158.198512402985,21228.716635035937,22436.209641847912,21228.716635035937,22649.284214286276,True,True,True,5239.523501220851
QS0_A20_E100_T0_C80_R0,0.0,1,846.2418060871205,0.0,227.80802681937732,618.4337792677431,1548.8838835720812,25324.62602589614,2167.317662839825,2123.415998284006,11357.500429605087,16815.751715555343,16474.811731803315,14648.434052715518,10676.191973180623,0.42157352934900183,0.05792643864228876,1239.4427165910356,2666.376278494707,2477.4208111492117,4155.342487608541,4586.224475583159,6080.365931773649,5671.861687883795,7985.014929152667,7348.576548697078,11357.500429605087,15734.716635035937,16815.751715555343,15734.716635035937,17033.555524476065,True,True,True,10676.191973180623
QS0_A20_E100_T0_C80_R1,0.0,1,848.1372175475598,17.71941177564073,229.42314817679446,636.433481146406,1548.8838835720812,25324.62602589614,2185.317364718488,2187.669758804433,11931.073526515309,17665.78434456334,17121.26369114843,15480.466979844852,9844.159046051289,0.388718831858957,0.06465087349454128,1239.4427165910356,2668.2716899551465,2477.4208111492117,4157.2378990689795,4586.224475583159,6139.021928988774,5671.861687883795,8320.00404430226,7315.682738189247,11931.073526515309,15734.716635035937,17665.78434456334,15734.716635035937,17875.354856861242,True,True,True,10674.576851823205
QS0_A20_E100_T0_C100_R0,0.0,1,1057.8022576089006,0.0,284.7600335242216,773.042224084679,1548.8838835720812,25324.62602589614,2321.9261076567605,1874.4709519205246,9992.381824494247,14313.019262980013,14196.292516317386,11991.093155323253,13333.532870572888,0.5265046305891526,0.057977299159083596,1239.4427165910356,2877.936730016487,2477.4208111492117,4366.902939130321,4586.224475583159,5921.658137329916,4590.000000000431,7330.889708430182,4734.516926876433,9992.381824494247,13008.716635035937,14313.019262980013,13008.716635035937,14519.115975997845,True,True,True,13345.239966475778
QS0_A20_E100_T0_C100_R1,0.0,1,1060.1715219344496,22.14926471955091,286.7789352209931,795.5418514330074,1548.8838835720812,25324.62602589614,2344.4257350050893,1946.6997171606602,10556.724568141637,15355.927108616328,14944.001076908018,13011.501373611238,12313.124652284903,0.48621150968602267,0.06460925832383103,1239.4427165910356,2880.3059943420362,2477.4208111492117,4369.27220345587,4586.224475583159,6125.910812051802,4590.000000000426,7590.163042994556,4590.000000001859,10556.724568141637,13008.716635035937,15355.927108616328,13008.716635035937,15560.751171148338,True,True,True,13343.221064779007
QS0_A20_E100_T50_C80_R0,0.0,2,845.5892674040961,0.0,227.1898322775648,618.3994351265312,1548.8838835720812,25324.62602589614,2167.283318698613,2126.9355591507237,11362.832678513598,16826.806272775208,16535.896031282817,14659.522954076594,10665.103071819547,0.42113565905825256,0.05798344666358931,1239.4427165910356,2665.7237398116827,2477.4208111492117,4154.689948925516,4586.224475583159,6079.713393090625,5679.906530029943,7984.3623904696415,7582.917774730562,11362.832678513598,15734.716635035937,16826.806272775208,15734.716635035937,17035.655047631877,True,True,True,10676.810167722435
QS0_A20_E100_T50_C80_R1,0.0,2,853.4214535814228,18.67147919942227,229.37219382549273,642.7207389553523,1548.8838835720812,25324.62602589614,2191.604622527434,2190.7798045767568,11949.742313292005,17676.35281663107,17135.14354157444,15484.748194103639,9839.877831792503,0.3885497784540061,0.06531795922086867,1239.4427165910356,2673.555925989009,2477.4208111492117,4162.522135102843,4586.224475583159,6153.414288642909,5671.861687883562,8348.098746276559,7315.682738189014,11949.742313292005,15734.716635035937,17676.35281663107,15734.716635035937,17885.923328928973,True,True,True,10674.627806174507
QS0_A20_E100_T50_C100_R0,0.0,2,1056.9865842551203,0.0,283.98729034695594,772.9992939081644,1548.8838835720812,25324.62602589614,2321.8831774802456,1878.733942834899,9991.566151140465,14331.987436728738,14272.673963569569,12010.104259248492,13314.52176664765,0.5257539342548495,0.05805685757670224,1239.4427165910356,2877.121056662707,2477.4208111492117,4366.08726577654,4586.224475583159,5920.842463976136,4590.000000000215,7330.074035076401,5207.284526233507,9991.566151140465,13008.716635035937,14331.987436728738,13008.716635035937,14535.214277003906,True,True,True,13346.012709653043
QS0_A20_E100_T50_C100_R1,0.0,2,1066.7768169767787,23.33934899927784,286.7152422818659,803.4009236941907,1548.8838835720812,25324.62602589614,2352.284807266272,1950.3763670553446,10614.313272756764,15369.137698700983,14962.8613724486,13016.852891434712,12307.77313446143,0.4860001929298344,0.06527589637191882,1239.4427165910356,2886.911289384365,2477.4208111492117,4375.877498498198,4586.224475583159,6157.457634508533,4590.000000000207,7621.827898848929,4590.0000000018135,10614.313272756764,13008.716635035937,15369.137698700983,13008.716635035937,15573.961761232993,True,True,True,13343.284757718135
QS0_A20_E200_T0_C80_R0,0.0,1,1277.3039036727591,0.0,281.70702264391554,995.5968810288437,1548.8838835720812,25324.62602589614,2544.4807646009253,1792.4745980759478,10372.990717219438,11112.43938148378,11792.832517824138,8567.958616882855,16756.667409013287,0.6616748216490329,0.059414969380684815,1239.4427165910356,3097.4383760803457,2477.4208111492117,4586.404585194179,4586.224475583159,6511.428029359287,5671.861687883795,8416.077026738305,7320.3609921653515,10372.990717219438,8999.74332700542,11112.43938148378,8999.74332700542,11407.255056170152,True,True,True,17357.266285384834
QS0_A20_E200_T0_C80_R1,0.0,1,1269.892704208234,20.279914556674154,282.76665679598955,1007.4059619689185,1548.8838835720812,25324.62602589614,2556.2898455410004,1867.5601795212124,11272.973924081385,12182.147401146147,12723.50859858787,9625.857555605147,15698.768470290994,0.6199012950571489,0.06417101850220772,1239.4427165910356,3090.0271766158203,2477.4208111492117,4578.993385729654,4586.224475583159,6555.661023530647,5671.861687883795,8714.654629476647,7315.682738189247,11272.973924081385,8999.74332700542,12182.147401146147,8999.74332700542,12400.5425575915,True,True,True,17356.206651232762
QS0_A20_E200_T0_C100_R0,0.0,1,1596.6298795909493,0.0,352.1337783048944,1244.496101286055,1548.8838835720812,25324.62602589614,2793.3799848581366,1535.356910441678,8173.752334099167,9205.673535510234,9794.654716085479,6412.293550652097,18912.332475244046,0.746796120736587,0.06580341705154989,1239.4427165910356,3416.764351998536,2477.4208111492117,4905.730561112369,4586.224475583159,6419.841093908937,4590.00000000012,7332.588589956351,4590.000000000649,8173.752334099167,4590.000000001246,9205.673535510234,4590.000000001404,9622.604029446406,True,True,True,21696.582856731042
QS0_A20_E200_T0_C100_R1,0.0,1,1587.365880260292,25.349893195842686,353.4583209949869,1259.2574524611478,1548.8838835720812,25324.62602589614,2808.1413360332294,1603.8900557385148,8651.771036769447,9664.64019535974,10196.756832749188,6856.49885932651,18468.127166569633,0.7292556718383413,0.06818544409530665,1239.4427165910356,3407.5003526678784,2477.4208111492117,4896.466561781712,4586.224475583159,6643.501921122305,4590.00000000012,7879.704122364393,4590.000000000625,8651.771036769447,4590.000000001204,9664.64019535974,4590.000000001357,10076.679650324038,True,True,True,21695.25831404095
QS0_A20_E200_T50_C80_R0,0.0,2,1276.187055241744,0.0,280.6516521373902,995.5354031043538,1548.8838835720812,25324.62602589614,2544.4192866764356,1800.4750786112372,10371.873868788425,11111.322533052768,11897.147288426626,8566.903246376332,16757.72277951981,0.6617164953347744,0.05940755890299319,1239.4427165910356,3096.32152764933,2477.4208111492117,4585.287736763164,4586.224475583159,6510.311180928273,5679.906530029943,8414.96017830729,7370.241403474407,10371.873868788425,8999.743327007283,11111.322533052768,8999.743327007283,11406.138207739139,True,True,True,17358.32165589136
QS0_A20_E200_T50_C80_R1,0.0,2,1279.236246905425,21.905922913846155,282.7065031062644,1018.4356667130069,1548.8838835720812,25324.62602589614,2567.3195502850886,1873.3743838201035,11320.767103325901,12205.712719439325,12752.16084041667,9638.393169154237,15686.232856741904,0.6194062980713584,0.06492544615486093,1239.4427165910356,3099.3707193130113,2477.4208111492117,4588.336928426845,4586.224475583159,6579.229081966911,5671.861687883562,8771.142207307954,7315.682738189014,11320.767103325901,8999.743327007283,12205.712719439325,8999.743327007283,12431.094002444539,True,True,True,17356.266804922485
QS0_A20_E200_T50_C100_R0,0.0,2,1595.23381905218,0.0,350.8145651717377,1244.4192538804423,1548.8838835720812,25324.62602589614,2793.3031374525235,1544.877537932618,8172.356273560398,9204.277474971464,9925.048179338588,6410.974337518941,18913.6516883772,0.7468482128437637,0.06579476424667172,1239.4427165910356,3415.3682914597666,2477.4208111492117,4904.3345005736,4586.224475583159,6418.445033370169,4590.000000000092,7331.192529417582,4590.000000000428,8172.356273560398,4590.000000000602,9204.277474971464,4590.000000000688,9621.207968907636,True,True,True,21697.902069864198
QS0_A20_E200_T50_C100_R1,0.0,2,1599.0453086317816,27.3824036423077,353.38312888283053,1273.0445833912588,1548.8838835720812,25324.62602589614,2821.9284669633403,1610.7080973731681,8693.15921338871,9699.267299701625,10243.089190143246,6877.338832738285,18447.287193157856,0.7284327584657818,0.06900985332214236,1239.4427165910356,3419.179781039368,2477.4208111492117,4908.145990153202,4586.224475583159,6689.726126163537,4590.000000000087,7924.02287724248,4590.0000000003965,8693.15921338871,4590.000000000586,9699.267299701625,4590.000000000622,10113.836934430963,True,True,True,21695.333506153107
QS0_A20_E200_T100_C80_R0,0.0,2,1276.5623829326792,0.0,281.00765716782786,995.5547257648514,1548.8838835720812,25324.62602589614,2544.438609336933,1799.6338404555029,10372.24919647936,11111.697860743703,11861.957678011899,8567.25925140677,16757.366774489372,0.6617024376728735,0.05940997408258898,1239.4427165910356,3096.6968553402658,2477.4208111492117,4585.663064454099,4586.224475583159,6510.686508619207,5671.861687883795,8415.335505998226,7322.515309739509,10372.24919647936,8999.743327007283,11111.697860743703,8999.743327007283,11406.513535430075,True,True,True,17357.96565086092
QS0_A20_E200_T100_C80_R1,0.0,2,1276.7086267502398,21.10418620371334,282.75745745756615,1015.055355496387,1548.8838835720812,25324.62602589614,2563.939239068469,1870.4605112522092,11305.649675899685,12205.889310675453,12742.098565507884,9641.950071606985,15682.675954289156,0.619265845752374,0.06472462725462187,1239.4427165910356,3096.8430991578266,2477.4208111492117,4585.80930827166,4586.224475583159,6567.593338191454,5671.861687883795,8748.57545350494,7315.682738189247,11305.649675899685,8999.743327007254,12205.889310675453,8999.743327007283,12417.560030227518,True,True,True,17356.21585057118
QS0_A20_E200_T100_C100_R0,0.0,2,1595.7029786658486,0.0,351.2595714597848,1244.4434072060637,1548.8838835720812,25324.62602589614,2793.3272907781457,1543.7755961517448,8172.825433174066,9204.746634585134,9881.061166320178,6411.419343806988,18913.206682089152,0.7468306407663876,0.06579758938417113,1239.4427165910356,3415.837451073435,2477.4208111492117,4904.803660187269,4586.224475583159,6418.914192983837,4590.000000000089,7331.66168903125,4590.000000000457,8172.825433174066,4590.000000000906,9204.746634585134,4590.000000001106,9621.677128521305,True,True,True,21697.457063576152
QS0_A20_E200_T100_C100_R1,0.0,2,1595.8857834377995,26.38023275464167,353.4468218219577,1268.8191943704835,1548.8838835720812,25324.62602589614,2817.703077942566,1607.1124021205317,8681.686601272791,9683.108270030163,10222.239566335364,6865.405192087597,18459.220833808544,0.7289039851934138,0.06873633539540348,1239.4427165910356,3416.020255845386,2477.4208111492117,4904.98646495922,4586.224475583159,6661.625073555152,4590.000000000083,7915.773587734251,4590.00000000044,8681.686601272791,4590.0000000008695,9683.108270030163,4590.0000000009995,10099.060626199735,True,True,True,21695.269813213978
QS0_A50_E100_T0_C80_R0,0.0,1,462.96548050859957,0.0,92.49361311341013,370.4718673951894,1548.8838835720812,25324.62602589614,1919.3557509672714,2689.8547738473158,14993.868383517369,20771.026238459697,20442.400167237625,18851.670487492425,6472.955538403716,0.2555992547248153,0.05723380381607732,1239.4427165910356,2283.0999529161863,2477.4208111492117,3772.0661620300198,4586.224475583159,6161.894775458085,9999.308439418268,11148.69693559296,11665.804960822756,14993.868383517369,20062.716635035937,20771.026238459697,20062.716635035937,20979.22548192539,True,True,True,6483.50638688659
QS0_A50_E100_T0_C80_R1,0.0,1,462.50070164992087,6.505225207282316,92.9909948021738,376.01493205502936,1548.8838835720812,25324.62602589614,1924.8988156271112,2722.614935657244,15303.057080174836,21232.291985966236,20824.414382515282,19307.393170339124,6017.232855557017,0.23760401632008266,0.06248967608221663,1239.4427165910356,2282.6351740575074,2477.4208111492117,3771.601383171341,4586.224475583159,6161.429996599407,9999.308439418268,11224.016597376974,11643.682738189014,15303.057080174836,20062.716635035937,21232.291985966236,20062.716635035937,21440.621073690272,True,True,True,6483.009005197826
QS0_A50_E100_T0_C100_R0,0.0,1,578.7068506357496,0.0,115.61701639176268,463.0898342439869,1548.8838835720812,25324.62602589614,2011.9737178160685,2554.824718561122,14082.93724530036,19253.693227499865,19050.41184196404,17241.719509683797,8082.906516212344,0.3191718017058584,0.057292489194962395,1239.4427165910356,2398.841323043336,2477.4208111492117,3887.8075321571696,4586.224475583159,6277.636145585235,9999.308439418268,10829.740715647396,10021.804960822756,14082.93724530036,18418.716635035937,19253.693227499865,18418.716635035937,19463.636207695654,True,True,True,8104.382983608238
QS0_A50_E100_T0_C100_R1,0.0,1,578.1258770624011,8.131531509102896,116.23874350271724,470.0186650687867,1548.8838835720812,25324.62602589614,2018.9025486408686,2594.0163756217307,14374.399155885763,19823.5462421979,19511.697868685354,17804.64369355703,7519.98233233911,0.29694347014836153,0.06250262890213283,1239.4427165910356,2398.260349469988,2477.4208111492117,3887.2265585838213,4586.224475583159,6277.0551720118865,9999.308439418268,11032.748875335039,10000.000000000926,14374.399155885763,18418.716635035937,19823.5462421979,18418.716635035937,20034.62274458559,True,True,True,8103.761256497282
QS0_A50_E200_T0_C80_R0,0.0,1,893.5632683462475,0.0,145.95543297323553,747.607835373012,1548.8838835720812,25324.62602589614,2296.491718945094,2346.232416862091,14136.761081440336,14912.542044450227,15717.377267994361,12616.050325505134,12708.575700391008,0.5018267865987688,0.058827035617375296,1239.4427165910356,2713.6977407538343,2477.4208111492117,4202.663949867668,4586.224475583159,6592.492563295733,9999.308439418268,11579.294723430608,11643.682738189014,14136.761081440336,13327.743327007283,14912.542044450227,13327.743327007283,15177.473510349333,True,True,True,13165.017875055513
QS0_A50_E200_T0_C80_R1,0.0,1,888.315494973923,9.739668921706203,146.32530408294548,751.7298598126838,1548.8838835720812,25324.62602589614,2300.6137433847653,2394.2243091040896,14561.235160816328,15694.871583413207,16396.607639828566,13394.257840028442,11930.3681858677,0.47109750697475616,0.06300977875126745,1239.4427165910356,2708.44996738151,2477.4208111492117,4197.416176495343,4586.224475583159,6587.2447899234085,9999.308439418268,11643.85440866676,11643.682738189014,14561.235160816328,13327.743327007283,15694.871583413207,13327.743327007283,15942.856927964369,True,True,True,13164.648003945804
QS0_A50_E200_T0_C100_R0,0.0,1,1116.9540854328095,0.0,182.4442912165444,934.5097942162652,1548.8838835720812,25324.62602589614,2483.393677788347,2164.1534270029824,11906.090260346893,12885.810082381282,13765.11041320624,10402.416404592936,14922.209621303205,0.5892371167117824,0.06262543000884686,1239.4427165910356,2937.088557840396,2477.4208111492117,4426.054766954229,4586.224475583159,6815.883380382295,9999.308439418268,11255.01632457398,10000.000000000018,11906.090260346893,10000.000000000435,12885.810082381282,10000.000000000586,13282.5343591511,True,True,True,16456.272343819393
QS0_A50_E200_T0_C100_R1,0.0,1,1110.394368717404,12.174586152132756,182.90663010368183,939.6623247658549,1548.8838835720812,25324.62602589614,2488.5462083379366,2215.7236410487008,12539.517205968004,13459.064755856358,14294.089671111486,10970.51854751842,14354.10747837772,0.5668043217577893,0.06546295728810121,1239.4427165910356,2930.5288411249903,2477.4208111492117,4419.495050238824,4586.224475583159,6809.32366366689,9999.308439418268,11558.251587751787,10000.000000000015,12539.517205968004,10000.000000000433,13459.064755856358,10000.000000000586,13825.840178829638,True,True,True,16455.810004932257
QS0_A50_E200_T100_C80_R0,0.0,2,893.2860573541582,0.0,145.69324346186067,747.5928138922975,1548.8838835720812,25324.62602589614,2296.476697464379,2349.255638406778,14136.483870448246,14912.264833458139,15743.292815381375,12615.78813599376,12708.837889902381,0.5018371397432182,0.05882464001577094,1239.4427165910356,2713.420529761745,2477.4208111492117,4202.386738875578,4586.224475583159,6592.215352303643,9999.308439418268,11579.017512438519,11648.36099216442,14136.483870448246,13327.743327007283,14912.264833458139,13327.743327007283,15177.196299357243,True,True,True,13165.280064566889
QS0_A50_E200_T100_C80_R1,0.0,2,891.0721108526009,9.889999635354927,146.32530408294548,754.6368064050102,1548.8838835720812,25324.62602589614,2303.520689977092,2394.8750453187026,14566.804342596613,15700.913885623911,16403.171008298126,13397.393195646819,11927.232830249322,0.47097370038368663,0.06327006583548311,1239.4427165910356,2711.2065832601875,2477.4208111492117,4200.172792374021,4586.224475583159,6590.001405802087,9999.308439418268,11652.588006579654,11643.682738189014,14566.804342596613,13327.743327007196,15700.913885623911,13327.743327007283,15948.373349047168,True,True,True,13164.648003945804
QS0_A50_E200_T100_C100_R0,0.0,2,1116.6075716926975,0.0,182.11655432732584,934.4910173653717,1548.8838835720812,25324.62602589614,2483.3749009374537,2167.877989739177,11905.743746606782,12885.463568641171,13797.504847440012,10402.088667703718,14922.537358192423,0.5892500581423442,0.0626227963069792,1239.4427165910356,2936.742044100284,2477.4208111492117,4425.708253214118,4586.224475583159,6815.536866642183,9999.308439418268,11254.66981083387,9999.999999999998,11905.743746606782,10000.00000000012,12885.463568641171,10000.00000000012,13282.187845410988,True,True,True,16456.60008070861
QS0_A50_E200_T100_C100_R1,0.0,2,1113.8401385657507,12.362499544193657,182.90663010368183,943.2960080062626,1548.8838835720812,25324.62602589614,2492.1798915783443,2216.4898229872542,12551.342733440388,13476.829749488697,14303.484419373104,10984.649857910354,14339.976167985787,0.5662463150816992,0.06578086301929742,1239.4427165910356,2933.974610973338,2477.4208111492117,4422.940820087171,4586.224475583159,6812.769433515236,9999.308439418268,11568.463136838389,9999.999999999996,12551.342733440388,10000.00000000012,13476.829749488697,10000.00000000012,13840.852679233834,True,True,True,16455.810004932257
QS10_A5_E50_T0_C80_R0,0.1,1,1028.1973289175073,0.0,514.5025604198912,513.6947684976161,1548.8838835720812,25324.62602589614,2062.5786520696975,1959.2830044784023,12481.221936937136,18910.356247438907,18408.41670497482,16847.77759536921,8476.84843052693,0.33472748706570354,0.06059973499675802,1115.498444931932,2490.0450883383287,1341.9357460076203,3099.941018942853,1721.5204056049643,3806.0212767618073,2887.6376462584867,5478.440778781889,10282.191891247207,12481.221936937136,17670.844971532344,18910.356247438907,17670.844971532344,19105.983230183472,True,True,True,8476.848430526932
QS10_A5_E50_T0_C80_R1,0.1,1,1068.6691984878555,43.94131666414676,521.4533005970538,591.1572145549485,1548.8838835720812,25324.62602589614,2140.0410981270297,2023.3290650637848,12828.058165892733,19692.40414113528,18848.711986934635,17552.363043008252,7772.262982887889,0.3069053408701959,0.07605985745161907,1115.498444931932,2564.8077085177483,1341.9357460076203,3259.1371922675085,1721.5204056049643,4128.480874645938,2695.8755190950887,6075.753427668171,10092.572321850734,12828.058165892733,17670.844971532344,19692.40414113528,17670.844971532344,19884.671555563145,True,True,True,8469.89769034977
QS10_A5_E50_T0_C100_R0,0.1,1,1210.651068767382,0.0,604.406103435562,606.2449653318199,1548.8838835720812,25324.62602589614,2155.1288489039016,1744.1729002749257,11087.67567678701,17516.80998728878,17014.870444824697,15361.681138384878,9962.944887511263,0.3934093588321296,0.06084997680673304,1115.498444931932,2541.9650157564383,1120.0000000001305,3003.573123483905,1120.0000000012196,3573.985098587139,1450.1924636260173,4728.1909455834175,8762.086315634755,11087.67567678701,16094.844971532344,17516.80998728878,16094.844971532344,17712.436970033345,True,True,True,9962.944887511261
QS10_A5_E50_T0_C100_R1,0.1,1,1261.2409057303173,54.926645830183446,613.0945286570153,703.0730229034854,1548.8838835720812,25324.62602589614,2251.9569064755674,1815.1870564109474,11594.304483418786,18493.10338527909,17576.371544040812,16241.146478803523,9083.479547092618,0.35868168547895424,0.07740128870863373,1115.498444931932,2688.8139009827064,1120.0000000001264,3219.1646572512277,1120.0000000011996,3855.7973971301335,1120.0000000037244,5227.508342512499,8534.376197745827,11594.304483418786,16094.844971532344,18493.10338527909,16094.844971532344,18682.255893650632,True,True,True,9954.256462289808
QS10_A5_E100_T0_C80_R0,0.1,1,1448.6969470964077,0.0,601.2916723788496,847.4052747175581,1548.8838835720812,25324.62602589614,2396.2891582896395,1398.1251488426242,7445.734790331118,13410.855865617807,12933.736768149305,11014.566707328167,14310.059318567974,0.5650649807793794,0.05921745367037088,1115.498444931932,2910.5447065172293,1341.9357460076203,3520.4406371217538,1721.5204056049643,4226.520894940708,2695.8755190955544,5376.086502936037,4392.177946588963,7445.734790331118,11750.844971532344,13410.855865617807,11750.844971532344,13606.482848362371,True,True,True,14310.059318567974
QS10_A5_E100_T0_C80_R1,0.1,1,1454.3387562869925,42.21390111579396,605.2322013787759,891.3204560240106,1548.8838835720812,25324.62602589614,2440.2043395960923,1492.7226801523052,8380.808682402205,14535.299086392442,13694.07642036604,12095.09474679635,13229.53127909979,0.5223978930852404,0.06737354765033375,1115.498444931932,2942.9461407176095,1341.9357460076203,3618.876806242336,1721.5204056049643,4445.315342375873,2695.8755190955544,5911.9186623781325,4175.314464369716,8380.808682402205,11750.844971532344,14535.299086392442,11750.844971532344,14724.039577387939,True,True,True,14306.118789568047
QS10_A5_E100_T0_C100_R0,0.1,1,1736.2755914910076,0.0,712.89249338426,1023.3830981067476,1548.8838835720812,25324.62602589614,2572.2669816788293,1071.9425449897885,5713.065377504292,10642.434510012406,10262.744049162187,8070.167528333577,17254.458497562562,0.6813312259742241,0.05931122661724302,1115.498444931932,3064.979431942056,1120.0000000000882,3490.409380353686,1120.000000001147,4022.3793185127597,1120.0000000028579,4667.256984921387,1493.6549305254448,5713.065377504292,8694.844971532344,10642.434510012406,8694.844971532344,10838.061492756971,True,True,True,17254.458497562562
QS10_A5_E100_T0_C100_R1,0.1,1,1743.3278529792387,52.767376394742456,717.8181546341679,1078.2770747398135,1548.8838835720812,25324.62602589614,2627.1609583118952,1168.5670745685143,6402.017365455989,12057.277279776932,11162.488025672019,9430.116321465037,15894.509704431104,0.6276305793490452,0.06783959334330453,1115.498444931932,3154.390513159667,1120.0000000000875,3657.812051019466,1120.0000000011405,4229.471525257926,1120.000000002833,5041.365345060736,1120.0000000037244,6402.017365455989,8694.844971532344,12057.277279776932,8694.844971532344,12241.281648770215,True,True,True,17249.532836312654
QS10_A5_E100_T50_C80_R0,0.1,2,1444.9720560419134,0.0,597.7628282219604,847.2092278199531,1548.8838835720812,25324.62602589614,2396.093111392035,1413.0163069429607,8218.598755992887,13416.626738197903,13121.796196083358,11020.533626805867,14304.092399090274,0.5648293635003089,0.05922845044498138,1115.498444931932,2906.819815462735,1341.9357460076203,3516.7157460672593,1721.5204056049643,4222.796003886214,2744.8542528615308,5372.361611881543,5075.7359223784315,8218.598755992887,11750.844971532344,13416.626738197903,11750.844971532344,13605.563649089683,True,True,True,14313.588162724862
QS10_A5_E100_T50_C80_R1,0.1,2,1485.0247988694703,49.79703943250226,605.1612279190102,929.6606103829623,1548.8838835720812,25324.62602589614,2478.5444939550443,1505.7375103528477,8392.088469912447,14596.671171557398,13757.366740035026,12118.126677602355,13206.499348293786,0.5214884253291341,0.0703941737976968,1115.498444931932,2981.163308899363,1341.9357460076203,3675.492792649123,1721.5204056049643,4544.836475027552,2695.8755190950887,6060.003455993642,4193.624464740482,8392.088469912447,11750.844971532344,14596.671171557398,11750.844971532344,14789.00617448912,True,True,True,14306.189763027813
QS10_A5_E100_T50_C100_R0,0.1,2,1731.6194776728896,0.0,708.4814381881484,1023.1380394847412,1548.8838835720812,25324.62602589614,2572.021923056823,1087.6862789869945,6131.920737328859,10657.107216850593,10489.284876494785,8085.085293793769,17239.540732102374,0.6807421643452416,0.059348335050452866,1115.498444931932,3060.3233181239384,1120.0000000000773,3485.7532665355684,1120.000000000924,4017.723204694642,1120.0000000027353,4718.716770833107,2879.310158274169,6131.920737328859,8694.844971532344,10657.107216850593,8694.844971532344,10846.0558990268,True,True,True,17258.869552758675
QS10_A5_E100_T50_C100_R1,0.1,2,1781.685406207336,62.24629929062782,717.7294378094608,1126.202267688503,1548.8838835720812,25324.62602589614,2675.0861512605848,1182.862551117266,6472.806929535768,12133.992386233127,11248.085593966849,9458.906234972543,15865.719790923598,0.6264937446539123,0.07098337059581605,1115.498444931932,3209.258401459725,1120.00000000007,3739.6091577282464,1120.0000000008763,4326.520803633191,1120.0000000023058,5158.702914223772,1140.4890506146548,6472.806929535768,8694.844971532344,12133.992386233127,8694.844971532344,12317.99675522641,True,True,True,17249.621553137364
QS10_A5_E200_T0_C80_R0,0.1,1,1837.3041858246572,0.0,650.7090564371912,1186.595129387466,1548.8838835720812,25324.62602589614,2735.4790129595476,1050.100998085188,7153.994937727055,7954.199816924347,8474.60479519897,5218.720803964799,20105.90522193134,0.7939270337643562,0.05901724474922614,1115.498444931932,3299.1519452454786,1341.9357460076203,3909.047875850003,1721.5204056049643,4615.128133668957,2695.8755190955544,5764.693741664286,4179.524892949936,7153.994937727055,5694.844971532344,7954.199816924347,5694.844971532344,8150.385084318235,True,True,True,20316.641934509633
QS10_A5_E200_T0_C80_R1,0.1,1,1826.544275715018,41.44935761843445,653.2360831415467,1214.757550191906,1548.8838835720812,25324.62602589614,2763.6414337639876,1159.4798230115762,8104.874808881343,9378.215559630115,9604.739633262046,6614.574125866127,18710.051900030012,0.7388086158073063,0.06492539714387202,1115.498444931932,3311.623829343017,1341.9357460076203,3979.612988563603,1721.5204056049643,4796.211238171655,2695.8755190955544,6220.507745639784,4175.314464369716,8104.874808881343,5694.844971532344,9378.215559630115,5694.844971532344,9585.029966004315,True,True,True,20314.114907805277
QS10_A5_E200_T0_C100_R0,0.1,1,2222.034639901319,0.0,774.6642234571868,1447.3704164441324,1548.8838835720812,25324.62602589614,2996.2543000162136,730.3766285944434,5228.910549335578,5638.669584061565,5970.432638224103,2642.415284045351,22682.21074185079,0.8956582702803468,0.06381081777772213,1115.498444931932,3540.496335899471,1120.000000000081,3942.8762944593327,1120.0000000011505,4403.06872823786,1120.000000002679,4864.203247899892,1120.0000000034659,5228.910549335578,1124.844971532344,5638.669584061565,1124.844971532344,5738.74343001311,True,True,True,24762.686767489635
QS10_A5_E200_T0_C100_R1,0.1,1,2208.5847522642703,51.81169702304305,777.8230068376314,1482.5734424496818,1548.8838835720812,25324.62602589614,3031.4573260217635,808.4758914791773,5810.757879633343,6250.827620561735,6399.247952349453,3219.3702945399714,22105.25573135617,0.8728758998751671,0.06706882111961548,1115.498444931932,3612.8999245356354,1120.00000000008,4106.74434514281,1120.000000001146,4662.169315769259,1120.0000000026612,5353.98720169403,1120.0000000034483,5810.757879633343,1124.844971532344,6250.827620561735,1124.844971532344,6398.74620713382,True,True,True,24759.52798410919
QS10_A5_E200_T50_C80_R0,0.1,2,1832.1627352839776,0.0,645.8382085565473,1186.32452672743,1548.8838835720812,25324.62602589614,2735.2084102995123,1080.538940675188,7472.596567297919,8154.435558028074,8879.168233674603,5419.227147728562,19905.39887816758,0.7860095883671872,0.05959812882868685,1115.498444931932,3294.0104947047994,1341.9357460076203,3903.906425309324,1721.5204056049643,4609.986683128278,2744.8542528615308,5759.552291123607,4434.865304804418,7472.596567297919,5694.844971532344,8154.435558028074,5694.844971532344,8388.362876252915,True,True,True,20321.512782390277
QS10_A5_E200_T50_C80_R1,0.1,2,1867.9130204470532,52.70628037291675,653.1218881738153,1267.4974126461548,1548.8838835720812,25324.62602589614,2816.381296218236,1183.9304800384464,8261.486856195024,9467.83535084725,9702.905022386904,6651.454054629014,18673.171971267126,0.7373523286058615,0.06787799173040791,1115.498444931932,3364.051530476946,1341.9357460076203,4058.381014226706,1721.5204056049643,4927.724696605135,2695.8755190950887,6439.843345614219,4179.524892948073,8261.486856195024,5694.844971532344,9467.83535084725,5694.844971532344,9664.271136173706,True,True,True,20314.229102773006
QS10_A5_E200_T50_C100_R0,0.1,2,2215.6078267254697,0.0,768.5756636063821,1447.0321631190877,1548.8838835720812,25324.62602589614,2995.91604669117,764.1832432299149,5325.588631236285,5823.391834647184,6477.446342379942,2827.475787956014,22497.150237940128,0.888350738721088,0.06432068718991585,1115.498444931932,3534.0695227236215,1120.0000000000646,3936.4494812834837,1120.0000000008622,4396.641915062011,1120.0000000022512,4900.322420537783,1120.000000003709,5325.588631236285,1124.844971532344,5823.391834647184,1351.5159392504831,6028.36983442742,True,True,True,24768.77532734044
QS10_A5_E200_T50_C100_R1,0.1,2,2260.295683179315,65.88285046614592,777.6802631279671,1548.498270517494,1548.8838835720812,25324.62602589614,3097.3821540895756,836.0928455236029,5966.156142172508,6396.55505491248,6559.347180929026,3299.1729008229045,22025.453125073236,0.8697247139030098,0.07030494499814496,1115.498444931932,3687.8686784317038,1120.0000000000548,4218.219434700225,1120.0000000008022,4804.253785418254,1120.0000000018435,5510.582977448804,1120.000000003247,5966.156142172508,1124.844971532344,6396.55505491248,1124.844971532344,6532.873997354429,True,True,True,24759.670727818855
QS10_A5_E200_T100_C80_R0,0.1,2,1835.6386840320354,0.0,649.1312126336547,1186.5074713983806,1548.8838835720812,25324.62602589614,2735.3913549704625,1064.919853882383,7152.329435934434,7970.9597213614115,8630.566047006394,5235.568366390949,20089.05765950519,0.793261769747864,0.059062375722585554,1115.498444931932,3297.4864434528567,1341.9357460076203,3907.382374057381,1721.5204056049643,4613.462631876336,2695.8755190955544,5763.0282398716645,4224.4172631269685,7152.329435934434,5694.844971532344,7970.9597213614115,5694.844971532344,8196.158135294208,True,True,True,20318.219778313167
QS10_A5_E200_T100_C80_R1,0.1,2,1839.7072049392168,45.258129882674716,653.192861633581,1231.7724731883104,1548.8838835720812,25324.62602589614,2780.656356760392,1168.8159444540731,8217.65165760101,9414.830165960408,9648.396657038516,6634.173809200016,18690.452216696125,0.7380346780870081,0.06590383469095369,1115.498444931932,3328.314589369834,1341.9357460076203,4004.2452548945603,1721.5204056049643,4830.683791028097,2695.8755190955544,6297.287111030357,4175.314464369716,8217.65165760101,5694.844971532344,9414.830165960408,5694.844971532344,9622.96069211895,True,True,True,20314.15812931324
QS10_A5_E200_T100_C100_R0,0.1,2,2219.9527626605422,0.0,772.6919187027663,1447.260843957776,1548.8838835720812,25324.62602589614,2996.144727529857,747.0808085274442,5251.323692525975,5670.946129926524,6141.491727104076,2674.801402396667,22649.824623499473,0.8943794313226382,0.06389722075182096,1115.498444931932,3538.4144586586935,1120.0000000000668,3940.794417218556,1120.0000000010436,4400.986850997084,1120.0000000025727,4874.381192767086,1120.0000000034947,5251.323692525975,1124.844971532344,5670.946129926524,1124.844971532344,5790.893430604145,True,True,True,24764.659072244056
QS10_A5_E200_T100_C100_R1,0.1,2,2225.0384137945193,56.572662353343404,777.7689799526742,1503.8420961951883,1548.8838835720812,25324.62602589614,3052.72597976727,818.3263510464537,5879.642494436948,6310.952449231053,6464.603415096607,3258.226469463783,22066.39955643236,0.8713415761349437,0.06815076888049995,1115.498444931932,3636.101073974947,1120.0000000000618,4139.522611834746,1120.0000000010145,4711.182086073207,1120.0000000024602,5400.7954448304245,1120.0000000034147,5879.642494436948,1124.844971532344,6310.952449231053,1124.844971532344,6441.190528959596,True,True,True,24759.58201099415
QS10_A10_E50_T0_C80_R0,0.1,1,841.3254783802315,0.0,384.202912542472,457.1225658377595,1548.8838835720812,25324.62602589614,2006.006449409841,2150.0189870074664,13182.35008639986,19611.48439690163,19109.544854437547,17605.47794749179,7719.148078404352,0.30480797902053924,0.0592193025959223,1115.498444931932,2479.4465035470594,2229.6787300342908,3530.093982279705,2609.5204056049643,4422.158867949186,3711.678989124255,6541.068049703766,11112.06523418879,13182.35008639986,18558.844971532344,19611.48439690163,18558.844971532344,19807.111379646194,True,True,True,7719.148078404351
QS10_A10_E50_T0_C80_R1,0.1,1,863.1508146767362,23.912409024450692,387.96904433060354,499.09417937058333,1548.8838835720812,25324.62602589614,2047.978062942665,2199.9853939466802,13489.48897056797,20189.04841850052,19461.871313541793,18141.070355557855,7183.555670338286,0.28365890430099994,0.069477317678681,1115.498444931932,2501.271839843564,2229.6787300342908,3603.180210552013,2609.5204056049643,4626.835236674593,3583.8755190950887,6922.558332496899,10980.572321850734,13489.48897056797,18558.844971532344,20189.04841850052,18558.844971532344,20374.475719427315,True,True,True,7715.3819466162195
QS10_A10_E50_T0_C100_R0,0.1,1,977.0612555957871,0.0,441.53154358878794,535.5297120069991,1548.8838835720812,25324.62602589614,2084.4135955790807,1969.122474999466,11964.085863615415,18393.220174117185,17891.280631653106,16308.806578538104,9015.819447358037,0.356009973775674,0.05939889492395822,1115.498444931932,2615.182280762615,2229.6787300342908,3459.1265680540832,2230.000000000158,4194.663977445874,2397.393467548978,5948.8540044377205,9763.045558850514,11964.085863615415,17204.844971532344,18393.220174117185,17204.844971532344,18588.84715686175,True,True,True,9015.819447358035
QS10_A10_E50_T0_C100_R1,0.1,1,1004.3429259664183,29.89051128056337,446.2392083239523,587.9942289230293,1548.8838835720812,25324.62602589614,2136.8781124951106,2027.3124609566214,12417.873193147334,19111.906951796795,18339.109546750195,16975.028839301685,8349.597186594456,0.3297026845749441,0.07042186775992891,1115.498444931932,2642.463951133246,2229.6787300342908,3621.849919817858,2230.0000000001555,4387.043789759063,2230.0000000018613,6315.386847219186,9626.572321850734,12417.873193147334,17204.844971532344,19111.906951796795,17204.844971532344,19295.286615741094,True,True,True,9011.111782622871
QS10_A10_E100_T0_C80_R0,0.1,1,1259.9293545764358,0.0,469.19605841256043,790.7332961638754,1548.8838835720812,25324.62602589614,2339.6171797359566,1620.852905582913,8648.33573999083,14110.088273097834,13700.652346660798,11770.471093361877,13554.154932534264,0.5352163905075725,0.05833881198051419,1115.498444931932,2898.0503797432634,2229.6787300342908,3948.697858475909,2609.5204056049643,4840.762744145391,3583.8755190950887,6310.713123873496,5211.237004391165,8648.33573999083,12638.844971532344,14110.088273097834,12638.844971532344,14305.715255842399,True,True,True,13554.154932534262
QS10_A10_E100_T0_C80_R1,0.1,1,1264.0110599389711,26.773509511716117,471.7367347128919,819.0478347377954,1548.8838835720812,25324.62602589614,2367.931718309877,1697.5742415981156,9410.973168177949,15065.243219741904,14391.345547307612,12697.311501432026,12627.314524464115,0.4986180057131676,0.06486318473741784,1115.498444931932,2902.132085105799,2229.6787300342908,3995.181921054047,2609.5204056049643,4988.754433918157,3583.8755190950887,6692.954838641248,5063.314464369716,9410.973168177949,12638.844971532344,15065.243219741904,12638.844971532344,15248.622883686203,True,True,True,13551.614256233932
QS10_A10_E100_T0_C100_R0,0.1,1,1500.3161008410427,0.0,547.7729759263985,952.5431249146442,1548.8838835720812,25324.62602589614,2501.427008486726,1340.0055177907827,7180.834590690126,11516.475019362442,11276.462789026345,9015.048010875716,16309.578015020425,0.6440204881344656,0.05840390990112636,1115.498444931932,3138.4371260078706,2229.6787300342908,3969.090837659341,2230.0000000000837,4573.025241156467,2230.0000000013024,5784.957098536569,2446.177946588963,7180.834590690126,9804.844971532344,11516.475019362442,9804.844971532344,11712.102002107007,True,True,True,16309.578015020425
QS10_A10_E100_T0_C100_R1,0.1,1,1505.418232544212,33.46688688964515,550.9488213018129,987.9362981320443,1548.8838835720812,25324.62602589614,2536.820181704126,1422.3248450019155,7826.755692314611,12691.45803890688,12077.007662970105,10154.637857202753,15169.988168693388,0.5990212117320528,0.06512439476853835,1115.498444931932,3143.5392577110397,2229.6787300342908,4105.459338863062,2230.0000000000837,4794.725725665257,2230.000000001292,6058.22286001326,2230.000000003709,7826.755692314611,9804.844971532344,12691.45803890688,9804.844971532344,12882.41738826692,True,True,True,16306.40216964501
QS10_A10_E100_T50_C80_R0,0.1,2,1258.1002055046376,0.0,467.4631803445411,790.6370251600965,1548.8838835720812,25324.62602589614,2339.5209087321778,1629.18166769063,9055.030140061264,14117.754887660625,13831.178731440834,11778.233978928447,13546.392046967694,0.5349098554551445,0.058365136814202676,1115.498444931932,2896.2212306714655,2229.6787300342908,3946.868709404111,2609.5204056049643,4838.933595073592,3609.535797824854,6308.883974801698,5598.18228488059,9055.030140061264,12638.844971532344,14117.754887660625,12638.844971532344,14306.691798552407,True,True,True,13555.887810602282
QS10_A10_E100_T50_C80_R1,0.1,2,1279.506415058351,29.768131792806187,471.6769716525599,837.5975751985972,1548.8838835720812,25324.62602589614,2386.4814587706787,1704.507585988671,9440.898000868332,15096.233929980663,14424.522606628036,12709.752471209984,12614.873554686157,0.49812674595023027,0.066397619569278,1115.498444931932,2917.627440225179,2229.6787300342908,4019.5358109336275,2609.5204056049643,5043.190837056208,3583.8755190950887,6759.293967286844,5063.314464370182,9440.898000868332,12638.844971532344,15096.233929980663,12638.844971532344,15279.613593924962,True,True,True,13551.674019294263
QS10_A10_E100_T50_C100_R0,0.1,2,1498.029664501295,0.0,545.6068783413743,952.4227861599206,1548.8838835720812,25324.62602589614,2501.306669732002,1349.525431790826,7420.230054860708,11533.517403678998,11426.55777171711,9032.210733946995,16292.415291949146,0.643342779288786,0.05845804744681151,1115.498444931932,3136.150689668123,2229.6787300342908,3966.804401319593,2230.0000000000555,4570.7388048167195,2230.0000000009063,5782.6706621968215,3415.7175990387223,7420.230054860708,9804.844971532344,11533.517403678998,9804.844971532344,11722.466085855205,True,True,True,16311.74411260545
QS10_A10_E100_T50_C100_R1,0.1,2,1524.787426443437,37.21016474100774,550.8741174763978,1011.1234737080468,1548.8838835720812,25324.62602589614,2560.0073572801284,1430.2256177969612,7879.809910991967,12733.332847895934,12123.751598600347,10173.325490615805,15151.300535280336,0.5982832883607879,0.0667350945454227,1115.498444931932,3162.908451610265,2229.6787300342908,4142.2944202948765,2230.0000000000496,4856.027912346609,2230.000000000855,6125.269714704193,2230.0000000018613,7879.809910991967,9804.844971532344,12733.332847895934,9804.844971532344,12922.531429637049,True,True,True,16306.476873470425
QS10_A10_E200_T0_C80_R0,0.1,1,1647.9599656262603,0.0,518.0671636176575,1129.8928020086028,1548.8838835720812,25324.62602589614,2678.7766855806844,1306.9668370083577,8263.438160032103,8832.665152838203,9374.931032780418,6153.888467257519,19170.737558638622,0.7569998285082373,0.05893841061422574,1115.498444931932,3286.080990793088,2229.6787300342908,4336.728469525734,2609.5204056049643,5228.793355195216,3583.8755190955544,6698.7437349233205,5067.524892949936,8263.438160032103,6582.844971532344,8832.665152838203,6582.844971532344,9027.845601539875,True,True,True,19561.283827329167
QS10_A10_E200_T0_C80_R1,0.1,1,1640.0508622626776,28.016646734161796,519.7228564756628,1148.3446525211766,1548.8838835720812,25324.62602589614,2697.2285360932583,1393.6276941017584,9038.9004793244,9997.4700700762,10371.79531172169,7300.241533982942,18024.3844919132,0.7117334910881625,0.0637106167501249,1115.498444931932,3278.1718874295057,2229.6787300342908,4367.867232303831,2609.5204056049643,5351.274137974775,3583.8755190955544,7033.236955342371,5063.314464369716,9038.9004793244,6582.844971532344,9997.4700700762,6582.844971532344,10216.095162532994,True,True,True,19559.62813447116
QS10_A10_E200_T0_C100_R0,0.1,1,1985.3543646533233,0.0,608.8618574327697,1376.4925072205535,1548.8838835720812,25324.62602589614,2925.376390792636,1033.5564420510425,6485.085066808762,6957.147113495257,7370.880196990804,4031.7707227026212,21292.85530319352,0.8407964359047252,0.06464574560904972,1115.498444931932,3623.475389820151,2229.6787300342908,4431.513283174721,2230.000000000066,4948.387204446134,2230.0000000012724,5761.485161116816,2230.000000002645,6485.085066808762,2234.844971532344,6957.147113495257,2234.844971532344,7141.224533888935,True,True,True,23818.489133514053
QS10_A10_E200_T0_C100_R1,0.1,1,1975.467985448845,35.02080841770225,610.9314735052764,1399.5573203612707,1548.8838835720812,25324.62602589614,2948.4412039333524,1103.078347258646,6847.741000458679,7449.985009932712,7716.454302156294,4501.543805999359,20823.08221989678,0.8222463857355197,0.06721182318648158,1115.498444931932,3613.589010615673,2229.6787300342908,4567.130440562002,2230.0000000000655,5240.760552734621,2230.000000001265,6162.277576483183,2230.000000002602,6847.741000458679,2234.844971532344,7449.985009932712,2234.844971532344,7634.616502877787,True,True,True,23816.419517441547
QS10_A10_E200_T50_C80_R0,0.1,2,1645.2908847467017,0.0,515.5385606791281,1129.7523240675737,1548.8838835720812,25324.62602589614,2678.6362076396554,1323.755276178393,8284.770800439288,8912.922652582534,9618.662477355949,6234.286444942879,19090.339580953263,0.7538251329528856,0.05917926809404405,1115.498444931932,3283.4119099135296,2229.6787300342908,4334.059388646176,2609.5204056049643,5226.124274315656,3609.5357978239226,6696.074654043762,5190.8314839596205,8284.770800439288,6582.844971532344,8912.922652582534,6582.844971532344,9123.610576348194,True,True,True,19563.812430267695
QS10_A10_E200_T50_C80_R1,0.1,2,1662.394636635934,32.67737273322068,519.6376319073651,1175.4343774617896,1548.8838835720812,25324.62602589614,2724.3182610338713,1406.4284357121676,9122.13586928241,10042.197281300814,10428.335004324726,7317.8790202669425,18006.7470056292,0.7110370351457939,0.06527744167751842,1115.498444931932,3300.5156618027618,2229.6787300342908,4402.4240325112105,2609.5204056049643,5426.079058633791,3583.8755190950887,7139.299775191771,5063.314464370182,9122.13586928241,6582.844971532344,10042.197281300814,6582.844971532344,10260.782711279506,True,True,True,19559.71335903946
QS10_A10_E200_T50_C100_R0,0.1,2,1982.018013553875,0.0,605.701103759608,1376.316909794267,1548.8838835720812,25324.62602589614,2925.2007933663485,1052.7577124108052,6481.748715709314,7114.937275196313,7683.303453599819,4189.736481829965,21134.889544066176,0.834558801478621,0.0651206104921746,1115.498444931932,3620.139038720703,2229.6787300342908,4428.176932075273,2230.0000000000373,4945.0508533466855,2230.000000000777,5758.148810017368,2230.000000001643,6481.748715709314,2234.844971532344,7114.937275196313,2234.844971532344,7325.208237220606,True,True,True,23821.649887187214
QS10_A10_E200_T50_C100_R1,0.1,2,2003.3977034154154,40.84671591652585,610.8249427949041,1433.419476537037,1548.8838835720812,25324.62602589614,2982.303360109119,1117.562821332772,6936.6702792113,7535.439885627944,7810.066903216037,4553.136525518825,20771.489500377316,0.8202091307937603,0.06900898833042277,1115.498444931932,3641.5187285822435,2229.6787300342908,4620.904697266855,2230.0000000000327,5331.707457082091,2230.0000000007276,6245.667395913331,2230.0000000014397,6936.6702792113,2234.844971532344,7535.439885627944,2234.844971532344,7725.427225788019,True,True,True,23816.526048151918
QS10_A10_E200_T100_C80_R0,0.1,2,1646.8710915120632,0.0,517.0355986673654,1129.835492844698,1548.8838835720812,25324.62602589614,2678.7193764167796,1316.8673224910522,8262.349285917906,8831.576278724004,9476.895600253823,6152.856902307224,19171.769123588918,0.7570405621778773,0.05893225009968172,1115.498444931932,3284.992116678891,2229.6787300342908,4335.639595411537,2609.5204056049643,5227.7044810810185,3583.8755190950887,6697.654860809124,5093.447400878431,8262.349285917906,6582.844971532344,8831.576278724004,6582.844971532344,9026.756727425676,True,True,True,19562.31539227946
QS10_A10_E200_T100_C80_R1,0.1,2,1649.3795085911954,29.817738278596874,519.6973949676969,1159.4998519020953,1548.8838835720812,25324.62602589614,2708.3837354741772,1398.9661258497006,9105.245077879286,10023.69768499376,10401.11929084274,7315.313949519583,18009.31207637656,0.7111383227519656,0.0643833505124858,1115.498444931932,3287.5005337580233,2229.6787300342908,4380.550369706271,2609.5204056049643,5374.122882570381,3583.8755190950887,7078.323287293472,5063.314464369716,9105.245077879286,6582.844971532344,10023.69768499376,6582.844971532344,10252.918063990928,True,True,True,19559.653595979125
QS10_A10_E200_T100_C100_R0,0.1,2,1983.9932720105771,0.0,607.5724012449049,1376.4208707656721,1548.8838835720812,25324.62602589614,2925.3047543377543,1044.832978347111,6483.723974166016,6976.29957759586,7498.335906332563,4050.9948232581055,21273.631202638036,0.8400373289178806,0.06470079591278188,1115.498444931932,3622.114297177405,2229.6787300342908,4430.152190531977,2230.000000000044,4947.026111803389,2230.0000000010386,5760.124068474071,2230.0000000018554,6483.723974166016,2234.844971532344,6976.29957759586,2234.844971532344,7170.9963158247,True,True,True,23819.778589701917
QS10_A10_E200_T100_C100_R1,0.1,2,1987.1287933594924,37.2721728482461,610.8996466203192,1413.5013195874194,1548.8838835720812,25324.62602589614,2962.3852031595015,1108.7669577167326,6883.045979856079,7503.2912135815395,7757.751286672968,4540.906010422038,20783.720015474104,0.8206920802787511,0.06801002508381682,1115.498444931932,3625.2498185263203,2229.6787300342908,4587.1698996783425,2230.0000000000414,5276.436286480538,2230.0000000010014,6196.989417777579,2230.0000000018117,6883.045979856079,2234.844971532344,7503.2912135815395,2234.844971532344,7688.283276161398,True,True,True,23816.451344326502
QS10_A20_E50_T0_C80_R0,0.1,1,642.8306909879428,0.0,276.1552192234618,366.675471764481,1548.8838835720812,25324.62602589614,1915.5593553365627,2422.1665047522965,14523.526899710765,20932.989609509343,20432.17765434001,19017.43025417278,6307.19577172336,0.24905385632442611,0.058136053649765124,1115.498444931932,2280.9517161547706,2229.6787300342908,3621.021304357221,4127.602028024843,5353.217216299964,5139.579385134368,7852.456530921237,12527.5816638666,14523.526899710765,20078.844971532344,20932.989609509343,20078.844971532344,21128.616592253908,True,True,True,6307.195771723361
QS10_A20_E50_T0_C80_R1,0.1,1,650.3024728910584,10.953859254151482,277.6724210967097,383.58391104850017,1548.8838835720812,25324.62602589614,1932.4677946205818,2454.632023307823,14760.408192763392,21292.381494785506,20671.78641992596,19359.913700164925,5964.712325731216,0.23553012469490742,0.06430887025242689,1115.498444931932,2288.4234980578863,2229.6787300342908,3628.493086260337,4127.602028024843,5420.037826736042,5103.875519095322,8050.746917642864,12500.572321850734,14760.408192763392,20078.844971532344,21292.381494785506,20078.844971532344,21482.374799838926,True,True,True,6305.6785698501135
QS10_A20_E50_T0_C100_R0,0.1,1,728.9427713554264,0.0,306.47192694002524,422.4708444154012,1548.8838835720812,25324.62602589614,1971.3547279874826,2298.1899798217805,13635.638980078249,20045.101689876825,19544.984882734432,18073.74696188934,7250.8790640068,0.2863173204055328,0.058264775992822294,1115.498444931932,2367.063796522254,2229.6787300342908,3707.1333847247047,4127.602028024843,5182.82576008783,4183.90712952198,7422.923864459324,11557.31889382737,13635.638980078249,19104.844971532344,20045.101689876825,19104.844971532344,20240.72867262139,True,True,True,7250.879064006798
QS10_A20_E50_T0_C100_R1,0.1,1,738.2824987343209,13.69232406768935,308.36842928158507,443.60639352042523,1548.8838835720812,25324.62602589614,1992.4902770925069,2337.376417307631,13939.989597267439,20490.199613767876,19847.137529875512,18497.70933667537,6826.916689220772,0.26957620942713184,0.06497902548318027,1115.498444931932,2376.4035239011487,2229.6787300342908,3716.4731121035993,4127.602028024843,5319.159522725563,4130.0000000009295,7631.544012687795,11526.572321850734,13939.989597267439,19104.844971532344,20490.199613767876,19104.844971532344,20681.9667289624,True,True,True,7248.982561665238
QS10_A20_E100_T0_C80_R0,0.1,1,1060.1931758159599,0.0,359.97231011316217,700.2208657027977,1548.8838835720812,25324.62602589614,2249.104749274879,1910.836239515317,10518.725936982131,15430.352094337359,15123.6403746948,13181.24734506248,12143.37868083366,0.4795087069959586,0.05766277113699682,1115.498444931932,2698.314200982788,2229.6787300342908,4038.383789185238,4127.602028024843,5770.579701127981,5103.875519095089,7484.288986574951,6611.318893827371,10518.725936982131,14158.844971532344,15430.352094337359,14158.844971532344,15626.375522366008,True,True,True,12143.37868083366
QS10_A20_E100_T0_C80_R1,0.1,1,1061.8983047573834,15.952001051554204,361.42623133483767,716.4240744740998,1548.8838835720812,25324.62602589614,2265.3079580461813,1968.6771169317028,11035.808566164487,16195.573158518157,15705.580020778818,13930.265200471975,11394.360825424166,0.44993204692431243,0.06287531924349343,1115.498444931932,2700.019329924211,2229.6787300342908,4040.0889181266616,4127.602028024843,5823.396581054544,5103.875519095089,7785.842210601386,6583.314464370182,11035.808566164487,14158.844971532344,16195.573158518157,14158.844971532344,16384.186619586268,True,True,True,12141.924759611986
QS10_A20_E100_T0_C100_R0,0.1,1,1250.6458773904478,0.0,411.2432905521507,839.4025868382971,1548.8838835720812,25324.62602589614,2388.2864704103786,1686.7446685719867,9288.76748758726,13177.341182224447,13072.584812525789,10789.054711814068,14535.571314082074,0.5739698307575587,0.05774816611611841,1115.498444931932,2888.766902557276,2229.6787300342908,4228.836490759726,4127.602028024843,5627.116169139362,4130.00000000038,6896.128675085222,4258.065234188791,9288.76748758726,11704.844971532344,13177.341182224447,11704.844971532344,13362.828223940496,True,True,True,14546.107700394672
QS10_A20_E100_T0_C100_R1,0.1,1,1252.777288567227,19.940001314442757,413.060692079245,859.6565978024248,1548.8838835720812,25324.62602589614,2408.5404813745063,1751.7614489086234,9798.755211676844,14116.197865889131,13745.64959892094,11707.657384514625,13616.968641381516,0.5376967315314842,0.06313127542865575,1115.498444931932,2890.8983137340547,2229.6787300342908,4230.967901936506,4127.602028024843,5811.409301816724,4130.000000000376,7128.848161822578,4130.000000001863,9798.755211676844,11704.844971532344,14116.197865889131,11704.844971532344,14300.53952216794,True,True,True,14544.290298867578
QS10_A20_E100_T50_C80_R0,0.1,2,1059.605418112349,0.0,359.4154870255309,700.1899310868182,1548.8838835720812,25324.62602589614,2249.0738146589,1914.0063827010852,10524.3244881109,15440.30072294635,15178.660526582218,13191.226908287448,12133.399117608693,0.47911464142457516,0.057707648475080815,1115.498444931932,2697.7264432791767,2229.6787300342908,4037.7960314816273,4127.602028024843,5769.99194342437,5111.115877026901,7483.7012288713395,6822.225997257505,10524.3244881109,14158.844971532344,15440.30072294635,14158.844971532344,15628.264620317352,True,True,True,12143.935503921291
QS10_A20_E100_T50_C80_R1,0.1,2,1066.6580732726734,16.809582022506977,361.38034841866613,722.0873068765142,1548.8838835720812,25324.62602589614,2270.9711904485957,1971.4782152076793,11051.143242543581,16205.092695548738,15718.080751977725,13934.121505100142,11390.504520796,0.44977977203487385,0.06339379485414161,1115.498444931932,2704.779098439501,2229.6787300342908,4044.8486866419516,4127.602028024843,5836.393427117657,5103.875519095322,7811.141385011186,6583.314464370182,11051.143242543581,14158.844971532344,16205.092695548738,14158.844971532344,16393.70615661685,True,True,True,12141.970642528157
QS10_A20_E100_T50_C100_R0,0.1,2,1249.9111802609343,0.0,410.54726169261164,839.3639185683227,1548.8838835720812,25324.62602589614,2388.2478021404045,1690.5843831800264,9288.032790457746,13194.411947487191,13141.383467997584,10806.164145346787,14518.461880549354,0.5732942261695492,0.05781355666145556,1115.498444931932,2888.032205427762,2229.6787300342908,4228.101793630212,4127.602028024843,5626.381472009848,4130.000000000215,6895.393977955709,4683.556073610158,9288.032790457746,11704.844971532344,13194.411947487191,11704.844971532344,13377.31610373484,True,True,True,14546.803729254212
QS10_A20_E100_T50_C100_R1,0.1,2,1258.7269992113395,21.01197752813372,413.00333843403064,866.7356383054425,1548.8838835720812,25324.62602589614,2415.619521877524,1755.0727988127207,9850.620242423125,14128.097287177356,13762.635927301793,11712.477765299831,13612.14826059631,0.5375063879196861,0.06367368483741986,1115.498444931932,2896.8480243781673,2229.6787300342908,4236.917612580618,4127.602028024843,5839.604023202582,4130.0000000002065,7156.730087202059,4130.0000000009295,9850.620242423125,11704.844971532344,14128.097287177356,11704.844971532344,14312.438943456164,True,True,True,14544.347652512792
QS10_A20_E200_T0_C80_R0,0.1,1,1447.7985445875618,0.0,408.44055421257457,1039.3579903749871,1548.8838835720812,25324.62602589614,2588.241873947069,1613.2205213131922,9636.992654005448,10302.496451843355,10913.221369566372,7714.254577896287,17610.371447999853,0.6953852518885001,0.059019651768505724,1115.498444931932,3085.9195697543896,2229.6787300342908,4425.98915795684,4127.602028024843,6158.185069899582,5103.875519095089,7871.894355346552,6587.524892948073,9636.992654005448,8102.844971532344,10302.496451843355,8102.844971532344,10567.83055906109,True,True,True,18150.910436734248
QS10_A20_E200_T0_C80_R1,0.1,1,1441.1365014401,18.25527880475148,409.3951629942238,1049.9966172506274,1548.8838835720812,25324.62602589614,2598.880500822709,1680.8058620861298,10443.255642927663,11265.15892387354,11750.91384004877,8666.27842305083,16658.34760284531,0.6577924422580229,0.06303125869886902,1115.498444931932,3079.257526606928,2229.6787300342908,4419.327114809378,4127.602028024843,6197.623578654802,5103.875519095089,8140.741138105799,6583.314464370182,10443.255642927663,8102.844971532344,11265.15892387354,8102.844971532344,11459.909311937898,True,True,True,18149.9558279526
QS10_A20_E200_T0_C100_R0,0.1,1,1735.1525883549502,0.0,471.82859567641617,1263.323992678534,1548.8838835720812,25324.62602589614,2812.2078762506153,1381.768253517694,7653.562797412346,8582.291878682305,9113.05148249519,5770.084002431689,19554.54202346445,0.7721552138013257,0.0646051434578529,1115.498444931932,3373.2736135217783,2229.6787300342908,4713.3432017242285,4127.602028024843,6076.04101336708,4130.000000000286,6897.515427683811,4130.00000000115,7653.562797412346,4134.844971532344,8582.291878682305,4134.844971532344,8958.38320222661,True,True,True,22055.522395270407
QS10_A20_E200_T0_C100_R1,0.1,1,1726.825034420623,22.81909850593935,473.0218566534777,1276.6222762730847,1548.8838835720812,25324.62602589614,2825.506159845166,1443.465642809137,8085.280400915764,8996.371918010127,9475.44944616272,6170.86575816496,19153.76026773118,0.7563294418699478,0.06665126108025077,1115.498444931932,3364.9460595874507,2229.6787300342908,4705.015647789902,4127.602028024843,6276.464006505342,4130.000000000284,7393.670946300959,4130.0000000011305,8085.280400915764,4134.844971532344,8996.371918010127,4134.844971532344,9367.207427477995,True,True,True,22054.329134293344
QS10_A20_E200_T50_C80_R0,0.1,2,1446.7960973544132,0.0,407.49086736011793,1039.3052299942951,1548.8838835720812,25324.62602589614,2588.1891135663773,1620.4178201806385,9635.990206772301,10301.49400461021,11007.09273376746,7713.304891043832,17611.32113485231,0.6954227524167008,0.05901347332413008,1115.498444931932,3084.9171225212413,2229.6787300342908,4424.986710723691,4127.602028024843,6157.182622666434,5111.115877026901,7870.891908113404,6632.41726312691,9635.990206772301,8102.844971532344,10301.49400461021,8102.844971532344,10566.828111827945,True,True,True,18151.860123586706
QS10_A20_E200_T50_C80_R1,0.1,2,1449.5462948502561,19.71882296292147,409.34100867347115,1059.9241091397064,1548.8838835720812,25324.62602589614,2608.8079927117883,1686.0384326329108,10486.226833455388,11284.444816703235,11776.697317447499,8675.636823991446,16648.989201904697,0.6574229046810003,0.06366297054348788,1115.498444931932,3087.667320017084,2229.6787300342908,4427.736908219535,4127.602028024843,6219.28164869524,5103.875519095322,8192.261659212532,6583.314464370182,10486.226833455388,8102.844971532344,11284.444816703235,8102.844971532344,11484.907976648792,True,True,True,18150.00998227335
QS10_A20_E200_T50_C100_R0,0.1,2,1733.8995293135142,0.0,470.64148711084533,1263.258042202669,1548.8838835720812,25324.62602589614,2812.1419257747507,1390.3337350697432,7652.30973837091,8581.03881964087,9230.390687746549,5768.896893866118,19555.72913203002,0.7722020894615765,0.06459784923762309,1115.498444931932,3372.020554480342,2229.6787300342908,4712.090142682792,4127.602028024843,6074.787954325644,4130.000000000169,6896.262368642375,4130.000000000657,7652.30973837091,4134.844971532344,8581.03881964087,4134.844971532344,8957.130143185175,True,True,True,22056.709503835977
QS10_A20_E200_T50_C100_R1,0.1,2,1737.3372761833182,24.648528703651834,472.95416375253694,1289.0316411344331,1548.8838835720812,25324.62602589614,2837.915524706515,1449.601672982672,8122.362307882396,9028.131954935317,9517.116327170357,6190.216430228802,19134.40959566734,0.7555653369215054,0.0673672022483679,1115.498444931932,3375.458301350146,2229.6787300342908,4715.527889552596,4127.602028024843,6318.21430017456,4130.00000000016,7433.553263909242,4130.0000000006,8122.362307882396,4134.844971532344,9028.131954935317,4134.844971532344,9399.743398613959,True,True,True,22054.396827194287
QS10_A20_E200_T100_C80_R0,0.1,2,1447.1349127515875,0.0,407.8118503679673,1039.3230623836203,1548.8838835720812,25324.62602589614,2588.206945955702,1619.6565726580639,9636.329022169473,10301.832820007381,10975.365314614244,7713.625874051679,17611.000151844462,0.695410077678384,0.05901556149125172,1115.498444931932,3085.2559379184154,2229.6787300342908,4425.325526120866,4127.602028024843,6157.521438063609,5103.875519095089,7871.230723510579,6589.463778765512,9636.329022169473,8102.844971532344,10301.832820007381,8102.844971532344,10567.166927225117,True,True,True,18151.539140578854
QS10_A20_E200_T100_C80_R1,0.1,2,1447.2667534096076,18.996229818434962,409.3868915896427,1056.8760916383999,1548.8838835720812,25324.62602589614,2605.759975210481,1683.412586948234,10472.576885723025,11282.855766821307,11767.621926158952,8677.095791610825,16647.530234285317,0.6573652940525989,0.06348545860945672,1115.498444931932,3085.3877785764353,2229.6787300342908,4425.457366778886,4127.602028024843,6208.7650297067685,5103.875519095089,8171.21065925361,6583.314464370182,10472.576885723025,8102.844971532344,11282.855766821307,8102.844971532344,11476.02663334128,True,True,True,18149.96409935718
QS10_A20_E200_T100_C100_R0,0.1,2,1734.3230485599822,0.0,471.04271587065705,1263.2803326893252,1548.8838835720812,25324.62602589614,2812.164216261407,1389.3371117244812,7652.7332576173785,8581.462338887337,9190.73141380503,5769.29812262593,19555.327903270212,0.7721862460386806,0.06460031449935792,1115.498444931932,3372.4440737268105,2229.6787300342908,4712.513661929261,4127.602028024843,6075.2114735721125,4130.000000000211,6896.685887888843,4130.000000000909,7652.7332576173785,4134.844971532344,8581.462338887337,4134.844971532344,8957.553662431643,True,True,True,22056.308275076164
QS10_A20_E200_T100_C100_R1,0.1,2,1734.4878493825074,23.7452872730437,473.0115173977513,1285.2216192577998,1548.8838835720812,25324.62602589614,2834.1055028298815,1446.3618323626529,8113.1997236846055,9015.657524212744,9498.333192551883,6181.552021382862,19143.074004513277,0.7559074706547765,0.06713768222150679,1115.498444931932,3372.6088745493353,2229.6787300342908,4712.678462751786,4127.602028024843,6293.119862632005,4130.000000000208,7423.619220523669,4130.000000000893,8113.1997236846055,4134.844971532344,9015.657524212744,4134.844971532344,9388.388173855506,True,True,True,22054.339473549073
QS10_A50_E100_T0_C80_R0,0.1,1,715.1570966424147,0.0,238.14865615927727,477.0084404831374,1548.8838835720812,25324.62602589614,2025.892324055219,2420.7610598377464,13791.369709350305,18990.811778798405,18695.211351661572,16964.919454743187,8359.706571152954,0.33010187643460515,0.05706042866733651,1115.498444931932,2353.2781218092423,2229.6787300342908,3693.347710011693,4127.602028024843,5844.193462096951,8999.37759547644,10332.31540621834,10497.624464740482,13791.369709350305,18054.844971532344,18990.811778798405,18054.844971532344,19179.748689690186,True,True,True,8369.202334787546
QS10_A50_E100_T0_C80_R1,0.1,1,714.7379698996233,5.855722768355495,238.59631567916455,481.9973769888142,1548.8838835720812,25324.62602589614,2030.8812605608957,2450.250810522663,14069.743679468735,19406.055094680993,19039.106785421623,17375.173834120098,7949.452191776043,0.31390205658504855,0.060632778883487795,1115.498444931932,2352.858995066451,2229.6787300342908,3692.9285832689015,4127.602028024843,5843.77433535416,8999.37759547644,10400.100368063828,10479.314464370182,14069.743679468735,18054.844971532344,19406.055094680993,18054.844971532344,19593.551273632624,True,True,True,8368.754675267659
QS10_A50_E100_T0_C100_R0,0.1,1,819.3507784235162,0.0,258.96372310979456,560.3870553137217,1548.8838835720812,25324.62602589614,2109.2709388858034,2299.212502954633,12973.158133621666,17624.83851760122,17442.153002886706,15515.567578715416,9809.058447180725,0.387332805513112,0.057129545952984466,1115.498444931932,2457.4718035903443,2229.6787300342908,3797.5413917927945,4127.602028024843,5948.387143878053,8999.37759547644,10045.281256933999,9017.624464740482,12973.158133621666,16574.844971532344,17624.83851760122,16574.844971532344,17813.787199777427,True,True,True,9828.387267837028
QS10_A50_E100_T0_C100_R1,0.1,1,818.826869995027,7.3196534604443695,259.5232975096537,566.6232259458177,1548.8838835720812,25324.62602589614,2115.507109517899,2334.4910893812853,13233.604032056908,18137.83640973783,17857.392726065984,16022.32930021993,9302.296725676211,0.3673221755047433,0.060912185738154705,1115.498444931932,2456.947895161855,2229.6787300342908,3797.0174833643055,4127.602028024843,5947.863235449564,8999.37759547644,10227.984613774495,9000.00000000093,13233.604032056908,16574.844971532344,18137.83640973783,16574.844971532344,18327.80526188675,True,True,True,9827.82769343717
QS10_A50_E200_T0_C80_R0,0.1,1,1102.3477758844788,0.0,286.2240364938642,816.1237393906146,1548.8838835720812,25324.62602589614,2365.007622962696,2111.7458400003843,13021.22580766916,13721.687922559293,14446.202107761175,11356.680299596597,13967.945726299544,0.5515558536586631,0.058428329790398324,1115.498444931932,2740.4688010513064,2229.6787300342908,4080.5383892537575,4127.602028024843,6231.3841413390155,8999.37759547644,10719.506085460405,10479.314464370182,13021.22580766916,11998.844971532344,13721.687922559293,11998.844971532344,13959.923601580673,True,True,True,14377.126954452959
QS10_A50_E200_T0_C80_R1,0.1,1,1097.6261914772062,8.76496370876999,286.5569759339696,819.8341792520066,1548.8838835720812,25324.62602589614,2368.718062824088,2154.938917113383,13403.25479669304,14427.2241852189,15057.409684448292,12058.506122394812,13266.119903501329,0.5238426774766911,0.06179909311958108,1115.498444931932,2735.747216644034,2229.6787300342908,4075.8168048464845,4127.602028024843,6226.662556931743,8999.37759547644,10777.621214887155,10479.314464370182,13403.25479669304,11998.844971532344,14427.2241852189,11998.844971532344,14650.410995314945,True,True,True,14376.794015012852
QS10_A50_E200_T0_C100_R0,0.1,1,1303.3391274760963,0.0,319.0579485280282,984.2811789480681,1548.8838835720812,25324.62602589614,2533.1650625201496,1947.8772127668428,11014.764547122666,11895.30952472972,12687.93665899619,9362.144462209571,15962.48156368657,0.6303146015804479,0.061662165435932774,1115.498444931932,2941.460152642924,2229.6787300342908,4281.529740845374,4127.602028024843,6432.375492930633,8999.37759547644,10432.440114235491,9000.000000000215,11014.764547122666,9004.844971532344,11895.30952472972,9004.844971532344,12252.361373822554,True,True,True,17338.293042418794
QS10_A50_E200_T0_C100_R1,0.1,1,1297.4371469670057,10.956204635962486,319.47412282816,988.9192287748081,1548.8838835720812,25324.62602589614,2537.8031123468895,1994.2957170071763,11586.265545941678,12411.336578533601,13164.659699601149,9873.533466186711,15451.09255970943,0.6101212528828518,0.06400319103346343,1115.498444931932,2935.5581721338335,2229.6787300342908,4275.627760336284,4127.602028024843,6426.473512421542,8999.37759547644,10700.527027946491,9000.000000000215,11586.265545941678,9004.844971532344,12411.336578533601,9004.844971532344,12741.355689180418,True,True,True,17337.876868118663
QS10_A50_E200_T100_C80_R0,0.1,2,1102.098833578042,0.0,285.98819641408227,816.1106371639598,1548.8838835720812,25324.62602589614,2364.994520736041,2114.4651934548483,13020.976865362722,13721.438980252857,14469.513612985398,11356.444459516815,13968.181566379326,0.5515651663363524,0.058426405275851724,1115.498444931932,2740.2198587448697,2229.6787300342908,4080.2894469473204,4127.602028024843,6231.135199032579,8999.37759547644,10719.257143153967,10483.524892948073,13020.976865362722,11998.844971532344,13721.438980252857,11998.844971532344,13959.674659274237,True,True,True,14377.36279453274
QS10_A50_E200_T100_C80_R1,0.1,2,1100.1064185518476,8.899951535236251,286.5569759339696,822.4493941531141,1548.8838835720812,25324.62602589614,2371.333277725196,2155.5230651792167,13408.265266628896,14432.6579323833,15063.306527407942,12061.324654658103,13263.301371238038,0.5237313813706633,0.06200940257126526,1115.498444931932,2738.227443718675,2229.6787300342908,4078.297031921126,4127.602028024843,6229.142784006384,8999.37759547644,10785.468816716053,10479.314464370182,13408.265266628896,11998.844971532344,14432.6579323833,11998.844971532344,14655.37144946423,True,True,True,14376.794015012852
QS10_A50_E200_T100_C100_R0,0.1,2,1303.0279495930506,0.0,318.76314842830084,984.2648011647498,1548.8838835720812,25324.62602589614,2533.148684736832,1951.2274554867581,11014.453369239622,11894.998346846676,12717.076040526468,9361.849662109844,15962.776363786297,0.6303262424275596,0.06166000066239647,1115.498444931932,2941.148974759879,2229.6787300342908,4281.218562962329,4127.602028024843,6432.064315047588,8999.37759547644,10432.128936352447,9000.00000000012,11014.453369239622,9004.844971532344,11894.998346846676,9004.844971532344,12252.05019593951,True,True,True,17338.587842518522
QS10_A50_E200_T100_C100_R1,0.1,2,1300.5374308103073,11.124939419045315,319.47412282816,992.1882474011927,1548.8838835720812,25324.62602589614,2541.072130973274,1994.983488877845,11596.525389718048,12427.908491459306,13173.085569558752,9886.836360486031,15437.78966541011,0.60959595808538,0.0642700975272573,1115.498444931932,2938.6584559771354,2229.6787300342908,4278.728044179586,4127.602028024843,6429.5737962648445,8999.37759547644,10709.695174589775,9000.000000000118,11596.525389718048,9004.844971532344,12427.908491459306,9004.844971532344,12759.46611308317,True,True,True,17337.876868118663
QS20_A5_E50_T0_C80_R0,0.2,1,1246.7558415194296,0.0,630.3999264355443,616.3559150838853,1548.8838835720812,25324.62602589614,2165.239798655967,1740.5557579403383,11422.777715314656,17137.56376909401,16691.395286903717,14972.323970438043,10352.302055458098,0.4087840051368249,0.059538053640824824,990.310834654401,2543.4943987676966,1188.387329783413,3084.7165118316893,1525.7959160934051,3710.943352638993,2562.3445744519886,5193.638908065546,9135.281681108627,11422.777715314656,15702.973308028751,17137.56376909401,15702.973308028751,17311.454420422513,True,True,True,10352.302055458102
QS20_A5_E50_T0_C80_R1,0.2,1,1282.851157282052,39.22524757470241,636.601962978756,685.4744418779986,1548.8838835720812,25324.62602589614,2234.35832545008,1797.570904998279,11732.583920803672,17834.224787685936,17083.27933587306,15599.866462235856,9724.759563660285,0.38400407388903046,0.07048754649312831,990.310834654401,2610.5761380176973,1188.387329783413,3226.3866321775813,1525.7959160934051,3998.2766281153604,2391.8893503068502,5727.278092498944,8966.73095275621,11732.583920803672,15702.973308028751,17834.224787685936,15702.973308028751,18005.12915606626,True,True,True,10346.10001891489
QS20_A5_E50_T0_C100_R0,0.2,1,1409.253617140283,0.0,710.5557138658263,698.6979032744567,1548.8838835720812,25324.62602589614,2247.5817868465383,1549.1866763895805,10183.27549093551,15898.061544714861,15451.893062524565,13650.479757868323,11674.146268027818,0.46098000642103126,0.059850021340574815,989.9999999963838,2587.088236686111,990.0000000001064,2999.687322583327,990.0000000010416,3499.703408453219,1283.5044121120154,4524.86304935143,7782.965613897559,10183.27549093551,14300.973308028751,15898.061544714861,14300.973308028751,16071.952196043365,True,True,True,11674.14626802782
QS20_A5_E50_T0_C100_R1,0.2,1,1454.372761843561,49.031559468378006,718.3082595448409,785.096061767098,1548.8838835720812,25324.62602589614,2333.9799453391797,1612.376974924238,10635.496377074358,16767.762067616855,15951.654331984104,14433.782122277677,10890.843903618465,0.430049545153474,0.0720877159488303,989.9999999963838,2720.3929290172746,990.0000000001032,3191.735867891426,990.0000000010077,3754.3894375007594,990.0000000037198,4972.981472668971,7580.556620218513,10635.496377074358,14300.973308028751,16767.762067616855,14300.973308028751,16935.531392946184,True,True,True,11666.393722348805
QS20_A5_E100_T0_C80_R0,0.2,1,1620.1339202051026,0.0,707.4949483482872,912.6389718568155,1548.8838835720812,25324.62602589614,2461.522855428897,1241.9837211022764,6937.500891969286,12254.94184777968,11830.253454780706,9793.418992350784,15531.207033545357,0.6132847536490232,0.058761625537901575,990.310834654401,2916.87247745337,1188.3873297843443,3458.0945905173626,1525.7959160934051,4084.3214313246663,2391.8893503068502,5104.029784534565,3905.935952523523,6937.500891969286,10446.973308028751,12254.94184777968,10446.973308028751,12428.832499108184,True,True,True,15531.207033545359
QS20_A5_E100_T0_C80_R1,0.2,1,1625.169549661964,37.64868197548131,711.0096546594921,951.8085769779534,1548.8838835720812,25324.62602589614,2500.692460550035,1326.1624801141022,7774.781579149343,13255.35564325366,12506.022931753492,10754.663182703625,14569.962843192516,0.5753278578840115,0.0653267676260866,990.310834654401,2945.726449423832,1188.3873297843443,3545.762142380003,1525.7959160934051,4279.7074720602,2391.8893503068502,5581.922705584149,3710.73095275621,7774.781579149343,10446.973308028751,13255.35564325366,10446.973308028751,13423.12496858299,True,True,True,15527.692327234154
QS20_A5_E100_T0_C100_R0,0.2,1,1875.9762154973741,0.0,806.9244912567547,1069.0517242406195,1548.8838835720812,25324.62602589614,2617.9356078127007,951.8595863933265,5398.223877237244,9794.784143071953,9455.685985693664,7176.8485352592525,18147.777490636887,0.7166059420612789,0.058908134882752615,989.9999999963111,3053.810835043201,990.0000000000764,3431.7189440226657,990.0000000010004,3902.6483716085722,990.0000000027112,4474.527477040139,1329.9154938003958,5398.223877237244,7730.9733080287515,9794.784143071953,7730.9733080287515,9968.674794400456,True,True,True,18147.77749063689
QS20_A5_E100_T0_C100_R1,0.2,1,1882.2707523184513,47.060852469351644,811.3178741457612,1118.0137306420418,1548.8838835720812,25324.62602589614,2666.8976142141237,1037.820338497334,6012.227039717463,11053.558048566636,10255.798391139711,8386.660434352512,16937.96559154363,0.668833789459454,0.06600637630296144,989.9999999963111,3133.517844139625,990.0000000000759,3580.763531774264,990.0000000009945,4087.2563440625486,990.0000000026748,4806.2937783859625,994.7309527562102,6012.227039717463,7730.9733080287515,11053.558048566636,7730.9733080287515,11216.20489574982,True,True,True,18143.384107747886
QS20_A5_E100_T50_C80_R0,0.2,2,1616.8107315471989,0.0,704.3466643565889,912.46406719061,1548.8838835720812,25324.62602589614,2461.3479507626917,1255.2519565559542,7639.590020392511,12260.05933790808,11997.327509887615,9798.711387145388,15525.914638750754,0.6130757714990325,0.058770390564509035,990.310834654401,2913.549288795466,1188.387329783413,3454.771401859459,1525.7959160934051,4080.9982426667625,2435.4260025435833,5100.70659587666,4511.765264335762,7639.590020392511,10446.973308028751,12260.05933790808,10446.973308028751,12426.618732680634,True,True,True,15534.355317537056
QS20_A5_E100_T50_C80_R1,0.2,2,1652.5367102097975,44.42635881814694,710.9465582508116,986.016510777133,1548.8838835720812,25324.62602589614,2534.9003943492144,1337.764673896733,7787.150472821711,13310.089964349329,12562.499444553834,10775.189570000115,14549.436455896026,0.5745173271667761,0.06777008262595345,990.310834654401,2980.2616909454428,1188.387329783413,3596.0721851053268,1525.7959160934051,4367.962181043105,2391.8893503068502,5714.177058285731,3729.4439686582045,7787.150472821711,10446.973308028751,13310.089964349329,10446.973308028751,13481.05441139975,True,True,True,15527.755423642835
QS20_A5_E100_T50_C100_R0,0.2,2,1871.8222296749946,0.0,802.9891362671322,1068.8330934078624,1548.8838835720812,25324.62602589614,2617.7169769799443,965.8762038109513,5785.423349369191,9807.81133116629,9657.264503183358,7190.094354186345,18134.531671709796,0.716082901013662,0.05893910649345645,989.9999999963838,3049.6568492208226,990.0000000000623,3427.564958200287,990.0000000008213,3898.4943857861936,990.0000000021471,4520.690970756743,2561.609029577039,5785.423349369191,7730.9733080287515,9807.81133116629,7730.9733080287515,9975.76571532292,True,True,True,18151.712845626513
QS20_A5_E100_T50_C100_R1,0.2,2,1916.4797030032423,55.53294852268367,811.2390036349103,1160.7736478910156,1548.8838835720812,25324.62602589614,2709.6575314630973,1050.5599101958817,6077.595845497699,11121.975949936219,10332.111935581703,8412.318418473122,16912.30760742302,0.6678206260629098,0.0686348471678423,989.9999999963838,3182.4998701769564,990.0000000000555,3653.842809051108,990.0000000007749,4174.001910714622,990.0000000018033,4910.667847379149,1015.9902672130265,6077.595845497699,7730.9733080287515,11121.975949936219,7730.9733080287515,11284.622797119402,True,True,True,18143.462978258736
QS20_A5_E200_T0_C80_R0,0.2,1,1966.1467806932164,0.0,751.5071319686056,1214.6396487246109,1548.8838835720812,25324.62602589614,2763.5235322966923,931.7752899891245,6683.205226828681,7394.090266341142,7858.649284475114,4630.566734044449,20694.059291851692,0.817151624300024,0.05869508884624084,990.3108346581263,3262.8853379414836,1188.3873297843443,3804.1074510054764,1525.7959160934051,4430.33429181278,2391.8893503068502,5450.042645022679,3710.688793730791,6683.205226828681,5054.9733080287515,7394.090266341142,5054.9733080287515,7569.88355018686,True,True,True,20879.19484992504
QS20_A5_E200_T0_C80_R1,0.2,1,1956.545659564737,36.94983446684426,753.7590763516384,1239.7364176799429,1548.8838835720812,25324.62602589614,2788.6203012520245,1029.1696942025098,7532.503625772639,8663.446026953983,8864.156524481567,5874.825725701959,19449.800300194183,0.7680192505234016,0.06374031602101156,990.3108346581263,3274.7507090026547,1188.3873297843443,3867.2845563064693,1525.7959160934051,4590.5653709449,2391.8893503068502,5856.929925103371,3706.9461905515855,7532.503625772639,5054.9733080287515,8663.446026953983,5054.9733080287515,8847.761219398435,True,True,True,20876.942905542008
QS20_A5_E200_T0_C100_R0,0.2,1,2308.492291107517,0.0,861.939720782153,1446.5525703253638,1548.8838835720812,25324.62602589614,2995.436453897445,647.2806096334407,4972.124476738255,5333.516501390392,5630.495566333501,2338.0800474929465,22986.545978403195,0.9076756337842028,0.06293040162208187,989.9999999963075,3478.454200616126,990.0000000000691,3834.2946585089812,990.0000000010104,4242.100017976272,990.0000000025238,4649.525275469287,990.0000000034063,4972.124476738255,990.9733080287515,5333.516501390392,990.9733080287515,5420.502424078475,True,True,True,24832.762261111493
QS20_A5_E200_T0_C100_R1,0.2,1,2296.490889696917,46.18729308355531,864.754651260944,1477.923531519528,1548.8838835720812,25324.62602589614,3026.80741509161,716.743802329038,5489.966929395847,5884.123544305487,6011.868473658813,2857.3161292138766,22467.309896682265,0.8871724255160934,0.06578106316759232,989.9999999963075,3541.1441990650824,990.0000000000691,3979.9196430390684,990.0000000010057,4471.689744878407,990.0000000025093,5086.256024318656,990.0000000033808,5489.966929395847,990.9733080287515,5884.123544305487,990.9733080287515,6011.983191833162,True,True,True,24829.9473306327
QS20_A5_E200_T50_C80_R0,0.2,2,1961.5574708822182,0.0,747.1593647792386,1214.3981061029797,1548.8838835720812,25324.62602589614,2763.2819896750607,958.9439239167091,6970.831988227942,7575.186329659445,8219.333469742141,4811.904339984384,20512.721685911758,0.8099910997673219,0.059202192897543894,990.310834654401,3258.296028130485,1188.387329783413,3799.5181411944777,1525.7959160934051,4425.744982001782,2435.4260025435833,5445.45333521168,3937.658048715246,6970.831988227942,5054.9733080287515,7575.186329659445,5054.9733080287515,7783.325978089158,True,True,True,20883.542617114406
QS20_A5_E200_T50_C80_R1,0.2,2,1993.4548571689356,47.01729198527187,753.6573474914328,1286.8148016627747,1548.8838835720812,25324.62602589614,2835.6986852348564,1051.0004897316705,7670.130187089694,8741.437292415629,8951.714184215572,5905.738607180772,19418.88741871537,0.7667985856477504,0.06626614460015764,990.310834654401,3321.179837904581,1188.387329783413,3936.990332064465,1525.7959160934051,4708.880328002244,2391.8893503068502,6052.352160448547,3710.6887937317224,7670.130187089694,5054.9733080287515,8741.437292415629,5054.9733080287515,8917.991610677513,True,True,True,20877.044634402213
QS20_A5_E200_T50_C100_R0,0.2,2,2302.7556538437684,0.0,856.5050117954443,1446.2506420483242,1548.8838835720812,25324.62602589614,2995.134525620406,677.4523039957153,5057.893402673191,5504.391976829784,6082.434521018948,2509.257451209378,22815.368574686763,0.9009163077613271,0.06338931748194122,989.9999999963838,3472.7175633523775,990.0000000000489,3828.558021245233,990.0000000007619,4236.363380712524,990.0000000017931,4681.819066433009,990.0000000037026,5057.893402673191,990.9733080287515,5504.391976829784,1201.347501555985,5679.729067707752,True,True,True,24838.1969700982
QS20_A5_E200_T50_C100_R1,0.2,2,2342.627386702165,58.77161498158983,864.6274901856868,1536.7715114980679,1548.8838835720812,25324.62602589614,3085.655395070149,741.4059407203185,5627.817657444161,6012.415392149715,6154.750458324457,2926.7599970795663,22397.866028816574,0.8844302777033407,0.0686124075177918,989.9999999963838,3608.6475538758787,990.0000000000423,4079.99049275003,990.0000000007144,4598.797385969243,990.0000000016616,5225.072774608208,990.0000000029377,5627.817657444161,990.9733080287515,6012.415392149715,990.9733080287515,6127.970034825037,True,True,True,24830.074491707957
QS20_A5_E200_T100_C80_R0,0.2,2,1964.6592555146472,0.0,750.0978975889084,1214.5613579257388,1548.8838835720812,25324.62602589614,2763.4452414978205,945.0070864951101,6681.717701650112,7411.166844251871,7997.944414610969,4647.721602754051,20676.904423142092,0.8164742256015374,0.05873999961843284,990.310834654401,3261.3978127629143,1188.3873297843443,3802.619925826907,1525.7959160934051,4428.846766634211,2391.8893503068502,5448.55511984411,3750.5931227795263,6681.717701650112,5054.9733080287515,7411.166844251871,5054.9733080287515,7611.343212192136,True,True,True,20880.604084304738
QS20_A5_E200_T100_C80_R1,0.2,2,1968.293476311691,40.35975230751042,753.7204439001134,1254.932784719088,1548.8838835720812,25324.62602589614,2803.816668291169,1037.516128495638,7630.478197610287,8696.087214120682,8903.12493974572,5892.270545829513,19432.355480066628,0.7673304024389435,0.06457955063689402,990.310834654401,3288.850376073559,1188.3873297843443,3888.8860690297297,1525.7959160934051,4622.831398709927,2391.8893503068502,5925.046632233876,3706.946190551236,7630.478197610287,5054.9733080287515,8696.087214120682,5054.9733080287515,8878.740153969413,True,True,True,20876.98153799353
QS20_A5_E200_T100_C100_R0,0.2,2,2306.632884634305,0.0,860.1781778075313,1446.4547068267736,1548.8838835720812,25324.62602589614,2995.338590398855,662.1957080333668,4990.736470812045,5363.6165101792,5783.077098713475,2368.277919780345,22956.348106115795,0.9064832026597897,0.06300892024029833,989.9999999963111,3476.594794142914,990.0000000000564,3832.435252035769,990.0000000009113,4240.24061150306,990.0000000023715,4658.293735129134,990.0000000034333,4990.736470812045,990.9733080287515,5363.6165101792,990.9733080287515,5471.167399893635,True,True,True,24834.523804086115
QS20_A5_E200_T100_C100_R1,0.2,2,2311.1756606306094,50.449690384388035,864.7063606965378,1496.9189903184595,1548.8838835720812,25324.62602589614,3045.802873890542,725.5515913614798,5554.087409512882,5936.664112451496,6070.261670809036,2890.8612385609545,22433.764787335185,0.885847821183821,0.06672616052226481,989.9999999963111,3562.4227524517837,990.0000000000532,4009.6684400864224,990.0000000008959,4516.161252374707,990.0000000022487,5127.595264808502,990.0000000033281,5554.087409512882,990.9733080287515,5936.664112451496,990.9733080287515,6051.2481346687,True,True,True,24829.995621197108
QS20_A10_E50_T0_C80_R0,0.2,1,1079.67224347901,0.0,513.7944125025151,565.8778309764948,1548.8838835720812,25324.62602589614,2114.7617145485765,1910.7737228401452,12047.694117274237,17762.480171053587,17316.311688863294,15647.71845650501,9676.90756939113,0.3821145299241868,0.058477135068068,991.5541732728285,2535.7798214050795,1980.387329783413,3468.9875023980453,2317.795916093405,4260.908391032892,3297.4924347771157,6144.332306877707,9875.613541501147,12047.694117274237,16494.97330802875,17762.480171053587,16494.97330802875,17936.37082238209,True,True,True,9676.90756939113
QS20_A10_E50_T0_C80_R1,0.2,1,1099.0994793718696,21.28013830929178,517.1463340919654,603.2332835891959,1548.8838835720812,25324.62602589614,2152.1171671612774,1955.2118829904155,12321.051740358838,18276.215694076665,17629.63713302555,16124.098526915388,9200.527498980753,0.3633035879610855,0.06556507587809753,991.5541732728285,2555.207057297939,1980.387329783413,3533.7628838393275,2317.795916093405,4443.572097942159,3183.8893503068502,6482.115449750877,9758.73095275621,12321.051740358838,16494.97330802875,18276.215694076665,16494.97330802875,18441.03996156715,True,True,True,9673.55564780168
QS20_A10_E50_T0_C100_R0,0.2,1,1200.3991195897581,0.0,564.7988214495398,635.6002981402183,1548.8838835720812,25324.62602589614,2184.4841817122997,1749.9074949605042,10964.420993384985,16679.207047164335,16233.038564974042,14494.722865452035,10829.903160444106,0.4276431624052335,0.05868937964853917,991.5541732728285,2656.5066975158275,1979.999999998151,3405.3655555456294,1980.0000000001573,4059.869519142178,2128.794193376869,5617.469529377244,8676.040496756012,10964.420993384985,15290.973308028751,16679.207047164335,15290.973308028751,16853.09769849284,True,True,True,10829.903160444106
QS20_A10_E50_T0_C100_R1,0.2,1,1224.6831644558329,26.60017288661473,568.9887234363525,682.294613906095,1548.8838835720812,25324.62602589614,2231.1784974781767,1801.655563373017,11368.219110526763,17318.4713404374,16631.291673480668,15087.292842959225,10237.333182936916,0.40424419979464066,0.06664769053754255,991.5541732728285,2680.7907423819024,1979.999999998151,3550.350199623838,1980.000000000155,4230.010945619193,1980.0000000018617,5943.637557654422,8554.73095275621,11368.219110526763,15290.973308028751,17318.4713404374,15290.973308028751,17481.475486165666,True,True,True,10825.713258457294
QS20_A10_E100_T0_C80_R0,0.2,1,1451.354695150847,0.0,589.2830509284659,862.0716442223811,1548.8838835720812,25324.62602589614,2410.9555277944633,1440.796881855873,8015.2714821858635,12878.162622725426,12513.585544369584,10467.207094930962,14857.41893096518,0.5866787101129337,0.05802297479986172,991.5541732728285,2907.4622730769165,1980.387329783413,3840.6699540698824,2317.795916093405,4632.590842704729,3183.8893503068502,5939.162490081569,4636.655115014371,8015.2714821858635,11238.973308028751,12878.162622725426,11238.973308028751,13052.05327405393,True,True,True,14857.418930965181
QS20_A10_E100_T0_C80_R1,0.2,1,1454.995494448236,23.816608504882716,591.5439454176494,887.2681575354693,1548.8838835720812,25324.62602589614,2436.152041107551,1509.00295044783,8700.130730100132,13727.09600042221,13127.318263333718,11290.94395931466,14033.682066581481,0.5541516013792699,0.0632241883011108,991.5541732728285,2911.1030723743056,1980.387329783413,3881.5299603078734,2317.795916093405,4764.738023398977,3183.8893503068502,6279.322948950053,4502.73095275621,8700.130730100132,11238.973308028751,13727.09600042221,11238.973308028751,13890.100146150475,True,True,True,14855.158036475998
QS20_A10_E100_T0_C100_R0,0.2,1,1665.0021841795547,0.0,659.1596194819782,1005.8425646975764,1548.8838835720812,25324.62602589614,2554.726448269658,1191.1360982497424,6714.081085802861,10573.810111754132,10359.117789703594,8019.0836634844745,17305.542362411667,0.6833483876411671,0.05812256811334078,991.5541732728285,3121.109762105624,1979.9999999964984,3858.3862302120597,1980.0000000000841,4394.753210982212,1980.0000000011642,5471.454425200152,2179.935952523523,6714.081085802861,8720.973308028751,10573.810111754132,8720.973308028751,10747.700763082636,True,True,True,17305.542362411667
QS20_A10_E100_T0_C100_R1,0.2,1,1669.553183301291,29.770760631103393,661.9857375934575,1037.338206338937,1548.8838835720812,25324.62602589614,2586.2220899110184,1264.3234672774186,7288.259065521095,11618.122910532315,11070.707239667818,9031.900820621297,16292.725205274844,0.6433550169157259,0.0636687965499531,991.5541732728285,3125.66076122736,1979.9999999964984,3979.18465961916,1980.0000000000837,4591.566597219129,1980.0000000011496,5714.937279725061,1984.7309527562102,7288.259065521095,8720.973308028751,11618.122910532315,8720.973308028751,11787.864554407905,True,True,True,17302.716244300187
QS20_A10_E100_T50_C80_R0,0.2,2,1449.7271335067794,0.0,587.7411504235597,861.9859830832197,1548.8838835720812,25324.62602589614,2410.869866655301,1448.202993661896,8378.553742001557,12884.975739867657,12629.542522084545,10474.105873212357,14850.520152683785,0.5864062962863943,0.05804416102741301,991.5541732728285,2905.834711432849,1980.387329783413,3839.042392425815,2317.795916093405,4630.963281060661,3206.6984869556327,5937.534928437501,4976.162031004838,8378.553742001557,11238.973308028751,12884.975739867657,11238.973308028751,13051.535134640211,True,True,True,14858.960831470085
QS20_A10_E100_T50_C80_R1,0.2,2,1468.7850322996146,26.481249552736312,591.490929364021,903.7753524883299,1548.8838835720812,25324.62602589614,2452.659236060412,1515.1671100866006,8726.855256697228,13754.675076124968,13156.825754161966,11302.015840064556,14022.610185831585,0.5537144031857576,0.06445129262749545,991.5541732728285,2924.8926102256846,1980.387329783413,3903.448436767073,2317.795916093405,4813.257650869905,3183.8893503068502,6338.100188359614,4502.73095275621,8726.855256697228,11238.973308028751,13754.675076124968,11238.973308028751,13917.679221853232,True,True,True,14855.211052529625
QS20_A10_E100_T50_C100_R0,0.2,2,1662.9677321244699,0.0,657.2322438508456,1005.7354882736242,1548.8838835720812,25324.62602589614,2554.619371845706,1199.5997680133366,6924.923634666168,10588.956833615763,10492.445263768854,8034.3374617700565,17290.288564126084,0.6827460569978643,0.05816765200554985,991.5541732728285,3119.075310050539,1979.999999998151,3856.3517781569744,1980.0000000000582,4392.718758927128,1980.0000000008786,5469.419973145068,3041.748976923307,6924.923634666168,8720.973308028751,10588.956833615763,8720.973308028751,10756.911217772393,True,True,True,17307.4697380428
QS20_A10_E100_T50_C100_R1,0.2,2,1686.7901056155142,33.10156194092039,661.9194675264221,1057.9722000300126,1548.8838835720812,25324.62602589614,2606.8560836020943,1271.3474065837345,7337.333393603782,11655.384685107965,11112.265515841216,9048.52860150587,16276.097424390271,0.6426984314693083,0.06500158929035446,991.5541732728285,3142.8976835415842,1979.999999998151,4012.457140783519,1980.0000000000528,4646.03113619544,1980.0000000008313,5775.684140402543,1984.7309527562102,7337.333393603782,8720.973308028751,11655.384685107965,8720.973308028751,11823.561202211182,True,True,True,17302.782514367223
QS20_A10_E200_T0_C80_R0,0.2,1,1796.8499546112826,0.0,632.8048756804577,1164.0450789308247,1548.8838835720812,25324.62602589614,2712.9289625029064,1161.2247011796692,7674.593603851357,8179.218955654425,8661.462091531766,5466.2899931515185,19858.33603274462,0.7841512057251361,0.0586174529936153,991.5541732728285,3252.957532537352,1980.387329783413,4186.1652135303175,2317.795916093405,4978.086102165164,3183.8893503068502,6284.657749542004,4502.688793730791,7674.593603851357,5846.9733080287515,8179.218955654425,5846.9733080287515,8353.363534238331,True,True,True,20205.89710621319
QS20_A10_E200_T0_C80_R1,0.2,1,1789.8129233602417,24.92163004120162,634.2775271097958,1180.4570262916475,1548.8838835720812,25324.62602589614,2729.3409098637294,1238.2870339663177,8364.02210698409,9214.639521079003,9547.894916569525,6485.298611215274,18839.32741468087,0.7439133511948561,0.06265919161061749,991.5541732728285,3245.9205012863113,1980.387329783413,4213.616832004486,2317.795916093405,5087.040534151872,3183.8893503068502,6582.125814764571,4498.9461905515855,8364.02210698409,5846.9733080287515,9214.639521079003,5846.9733080287515,9408.972936596154,True,True,True,20204.42445478385
QS20_A10_E200_T0_C100_R0,0.2,1,2096.8712585050994,0.0,713.5619004219681,1383.3093580831314,1548.8838835720812,25324.62602589614,2932.1932416552127,918.163758147372,6094.409660421045,6512.221827356109,6880.710141858904,3580.0285857008967,21744.597440195244,0.8586344934752412,0.06361623211869913,991.5541732728285,3552.978836431169,1979.9999999963347,4270.272694734379,1980.000000000065,4728.695019720348,1980.0000000011305,5450.357627585142,1980.0000000020113,6094.409660421045,1980.9733080287515,6512.221827356109,1980.9733080287515,6675.422520047865,True,True,True,23991.140081471676
QS20_A10_E200_T0_C100_R1,0.2,1,2088.0749694412984,31.152037551502033,715.4027147086406,1403.8242922841598,1548.8838835720812,25324.62602589614,2952.7081758562417,979.9551710621746,6415.463952664407,6951.8102216992775,7187.741830883339,3999.1020458430357,21325.523980053105,0.8420864323226853,0.06582836105678956,991.5541732728285,3544.182547367368,1979.9999999963347,4390.423429813522,1980.0000000000637,4988.961121721883,1980.0000000011205,5807.344940479297,1980.0000000019645,6415.463952664407,1980.9733080287515,6951.8102216992775,1980.9733080287515,7113.441112289342,True,True,True,23989.299267185004
QS20_A10_E200_T50_C80_R0,0.2,2,1794.4738728417983,0.0,630.5538508462093,1163.920021995589,1548.8838835720812,25324.62602589614,2712.8039055676704,1176.1702188532465,7691.789353457433,8252.396882530655,8878.440114427023,5539.592976962984,19785.033048933157,0.7812566720117259,0.05882830820231304,991.5541732728285,3250.581450767868,1980.387329783413,4183.789131760834,2317.795916093405,4975.710020395681,3206.6984869556327,6282.28166777252,4612.294652408449,7691.789353457433,5846.9733080287515,8252.396882530655,5846.9733080287515,8437.640124536136,True,True,True,20208.148131047437
QS20_A10_E200_T50_C80_R1,0.2,2,1809.7031792587532,29.07218271986124,634.2017186046422,1204.5736433739721,1548.8838835720812,25324.62602589614,2753.4575269460533,1249.6824991420608,8437.345576925538,9254.88462830376,9598.220521441119,6501.427101357707,18823.198924538432,0.7432764813699693,0.06399409835719566,991.5541732728285,3265.8107571848227,1980.387329783413,4244.366583726211,2317.795916093405,5154.1757978290425,3183.8893503068502,6676.334951304416,4498.946190551353,8437.345576925538,5846.9733080287515,9254.88462830376,5846.9733080287515,9448.753448393178,True,True,True,20204.500263289003
QS20_A10_E200_T50_C100_R0,0.2,2,2093.9011562932437,0.0,710.7481193791577,1383.153036914086,1548.8838835720812,25324.62602589614,2932.0369204861677,935.2554008286249,6091.43955820919,6653.982195075865,7158.837046920816,3721.9452745896974,21602.680751306445,0.8530305927999191,0.06402691651268505,991.5541732728285,3550.008734219313,1979.999999998151,4267.302592522524,1980.0000000000387,4725.724917508493,1980.000000000743,5447.387525373285,1980.0000000016025,6091.43955820919,1980.9733080287515,6653.982195075865,1980.9733080287515,6841.181355108117,True,True,True,23993.95386251449
QS20_A10_E200_T50_C100_R1,0.2,2,2112.937789314437,36.34022839982655,715.3079540771987,1433.9700636370649,1548.8838835720812,25324.62602589614,2982.8539472091466,992.8486704339163,6496.243377152438,7028.472383583181,7271.083932610125,4045.6184363740344,21279.007589522105,0.84024962768504,0.067388954000992,991.5541732728285,3569.0453672405065,1979.999999998151,4438.604824482442,1980.0000000000327,5070.118341935205,1980.0000000006953,5882.240686724695,1980.0000000014265,6496.243377152438,1980.9733080287515,7028.472383583181,1980.9733080287515,7195.333406697362,True,True,True,23989.39402781645
QS20_A10_E200_T100_C80_R0,0.2,2,1795.8800304603915,0.0,631.8860001690871,1163.9940302913044,1548.8838835720812,25324.62602589614,2712.877913863386,1170.0423881335503,7673.623679700466,8178.249031503536,8752.287922762554,5465.37111764015,19859.254908255993,0.7841874895980128,0.058612170278724944,991.5541732728285,3251.987608386461,1980.387329783413,4185.195289379427,2317.795916093405,4977.116178014274,3183.8893503068502,6283.687825391114,4525.731023002845,7673.623679700466,5846.9733080287515,8178.249031503536,5846.9733080287515,8352.393610087443,True,True,True,20206.815981724558
QS20_A10_E200_T100_C80_R1,0.2,2,1798.119421097963,26.52767883691183,634.2547346582706,1190.3923652766039,1548.8838835720812,25324.62602589614,2739.276248848686,1243.0467320717967,8424.068518552365,9237.981691897134,9574.02598591425,6498.705443048448,18825.92058284769,0.74338395218934,0.06323156203905221,991.5541732728285,3254.2269990240325,1980.387329783413,4224.6538869576,2317.795916093405,5107.861950048704,3183.8893503068502,6622.44687559978,4498.946190551236,8424.068518552365,5846.9733080287515,9237.981691897134,5846.9733080287515,9441.733139894619,True,True,True,20204.447247235374
QS20_A10_E200_T100_C100_R0,0.2,2,2095.6588533164854,0.0,712.4133060327548,1383.2455472837305,1548.8838835720812,25324.62602589614,2932.1294308558126,928.2060870248365,6093.197255232431,6528.820013836736,6994.242430897387,3596.690582980923,21727.93544291522,0.8579765569172448,0.0636620792121675,991.5541732728285,3551.766431242555,1979.9999999964984,4269.060289545765,1980.0000000000473,4727.482614531734,1980.0000000009159,5449.145222396527,1980.0000000016998,6093.197255232431,1980.9733080287515,6528.820013836736,1980.9733080287515,6702.762200579231,True,True,True,23992.28867586089
QS20_A10_E200_T100_C100_R1,0.2,2,2098.458091613449,33.15959854613978,715.3742241442342,1416.243466015355,1548.8838835720812,25324.62602589614,2965.127349587436,985.0269094321665,6446.819728619886,6999.861746047877,7224.563384486169,4034.734396460441,21289.8916294357,0.8406794085592951,0.06652187294637221,991.5541732728285,3554.5656695395187,1979.9999999964984,4408.089567931318,1980.0000000000437,5020.471505531287,1980.0000000008986,5838.032507525419,1980.0000000016612,6446.819728619886,1980.9733080287515,6999.861746047877,1980.9733080287515,7162.401197569916,True,True,True,23989.327757749412
QS20_A20_E50_T0_C80_R0,0.2,1,903.0376137234941,0.0,417.61423694465805,485.4233767788361,1548.8838835720812,25324.62602589614,2034.3072603509177,2152.89344058778,13240.545354810449,18937.845541298073,18492.678470924446,16903.538280947156,8421.087744948985,0.3325256505797106,0.05764378563446221,991.5541732728285,2359.1451916495635,1981.9366489193694,3550.31815894063,3668.9795804665273,5089.242311457636,4567.626120119439,7310.705026997532,11134.73925677031,13240.545354810449,17846.97330802875,18937.845541298073,17846.97330802875,19111.736192626577,True,True,True,8421.087744948987
QS20_A20_E50_T0_C80_R1,0.2,1,909.6842102007056,9.741466809177373,418.9636608319895,500.4620161778935,1548.8838835720812,25324.62602589614,2049.3458997499747,2181.760536404441,13451.213118253647,19257.411608939972,18705.721879361005,17208.06570919,8116.560316706142,0.3205006979533048,0.06165937252358037,991.5541732728285,2365.791788126775,1981.9366489193694,3556.9647554178414,3668.9795804665273,5148.643968003884,4535.88935030685,7487.069762590954,11110.73095275621,13451.213118253647,17846.97330802875,19257.411608939972,17846.97330802875,19426.294546765235,True,True,True,8419.738321061657
QS20_A20_E50_T0_C100_R0,0.2,1,979.6058323953636,0.0,444.57360200221854,535.032230393145,1548.8838835720812,25324.62602589614,2083.9161139652265,2042.660560217092,12451.113573482318,18148.413759969942,17703.86437695338,16064.497646004716,9260.128379891425,0.36565706322463826,0.05777805754345474,991.5541732728285,2435.713410321433,1981.9366489193694,3626.8863776124995,3668.9795804665273,4938.229297420583,3717.9174484639825,6928.700137376604,10272.061238957664,12451.113573482318,16980.97330802875,18148.413759969942,16980.97330802875,18322.304411298446,True,True,True,9260.128379891426
QS20_A20_E50_T0_C100_R1,0.2,1,987.9140779918778,12.17683351147172,446.2603818613828,553.8305296419667,1548.8838835720812,25324.62602589614,2102.7144132140484,2077.5030834773684,12721.780723007123,18544.189626563068,17972.52124653341,16441.47521334902,8883.150812547123,0.3507712533825179,0.062346181138757825,991.5541732728285,2444.021655917947,1981.9366489193694,3635.1946232090136,3668.9795804665273,5058.830783926152,3670.000000000927,7115.257645950521,10244.73095275621,12721.780723007123,16980.97330802875,18544.189626563068,16980.97330802875,18714.649284513758,True,True,True,9258.441600032264
QS20_A20_E100_T0_C80_R0,0.2,1,1273.6148893643494,0.0,492.0558664991527,781.5590228651968,1548.8838835720812,25324.62602589614,2330.4429064372785,1698.7878233409,9679.98584557783,14052.422816938928,13779.05281201263,11721.97991050165,13602.646115394491,0.5371311742761716,0.057456396074340624,991.5541732728285,2729.722467290419,1981.9366489193694,3920.8954345814855,3668.9795804665273,5459.819587098491,4535.88935030685,6983.033387816786,5882.061238957664,9679.98584557783,12590.973308028751,14052.422816938928,12590.973308028751,14226.665864075509,True,True,True,13602.646115394493
QS20_A20_E100_T0_C80_R1,0.2,1,1275.1387484768893,14.180435432856017,493.3489875850865,795.9701963246589,1548.8838835720812,25324.62602589614,2344.85407989674,1750.1924276396983,10140.117517797964,14732.320685492341,14296.095752326566,12387.4666055956,12937.15942030054,0.510852930545605,0.06152588605158951,991.5541732728285,2731.246326402959,1981.9366489193694,3922.4192936940253,3668.9795804665273,5506.777900580197,4535.88935030685,7251.186850373685,5854.73095275621,10140.117517797964,12590.973308028751,14732.320685492341,12590.973308028751,14899.977095330665,True,True,True,13601.35299430856
QS20_A20_E100_T0_C100_R0,0.2,1,1442.8274269464328,0.0,537.625638945337,905.2017880010958,1548.8838835720812,25324.62602589614,2454.0856715731775,1499.6270663697185,8590.929441428612,12051.001031243326,11956.446806740396,9596.915359670149,15727.710666225992,0.6210441429675346,0.057554580397065964,991.5541732728285,2898.9350048725023,1981.9366489193694,4090.107972163569,3668.9795804665273,5331.912130723245,3670.0000000003747,6460.146594687065,3791.6135415011468,8590.929441428612,10410.973308028751,12051.001031243326,10410.973308028751,12215.878401657592,True,True,True,15737.076342948309
QS20_A20_E100_T0_C100_R1,0.2,1,1444.7322508371071,17.72554429107002,539.242040302754,923.2157548254231,1548.8838835720812,25324.62602589614,2472.099638397505,1557.4150925161234,9040.177405468741,12885.167014436141,12554.52510555178,10413.067376038636,14911.558649857505,0.5888165390718674,0.06191276019520906,991.5541732728285,2900.8398287631767,1981.9366489193694,4092.012796054243,3668.9795804665273,5496.114672521027,3670.0000000003693,6666.89523330544,3674.73095275621,9040.177405468741,10410.973308028751,12885.167014436141,10410.973308028751,13049.02626446175,True,True,True,15735.459941590892
QS20_A20_E100_T50_C80_R0,0.2,2,1273.0925037512634,0.0,491.5609748657027,781.5315288855606,1548.8838835720812,25324.62602589614,2330.4154124576426,1701.60407889687,9685.287232638866,14061.266108048158,13827.952899869226,11730.850695590514,13593.775330305627,0.5367808913112901,0.05749186740958073,991.5541732728285,2729.200081677333,1981.9366489193694,3920.3730489683994,3668.9795804665273,5459.297201485405,4542.325224023862,6982.5110022037,6069.534219784451,9685.287232638866,12590.973308028751,14061.266108048158,12590.973308028751,14228.345127933493,True,True,True,13603.141007027943
QS20_A20_E100_T50_C80_R1,0.2,2,1279.3697631284508,14.942578052621904,493.3082561040451,801.0040850770276,1548.8838835720812,25324.62602589614,2349.887968649109,1752.6806390461725,10159.494312124214,14740.782714795463,14307.200593790978,12390.894746146354,12933.731279749787,0.5107175626808536,0.06193139997667585,991.5541732728285,2735.4773410545204,1981.9366489193694,3926.650308345587,3668.9795804665273,5518.329520931629,4535.88935030685,7273.659104257451,5854.73095275621,10159.494312124214,12590.973308028751,14740.782714795463,12590.973308028751,14908.439124633787,True,True,True,13601.393725789601
QS20_A20_E100_T50_C100_R0,0.2,2,1442.1744449300754,0.0,537.0070244035244,905.167420526551,1548.8838835720812,25324.62602589614,2454.0513040986325,1503.0380281321877,8590.276459412255,12066.175126908971,12017.593479250767,9612.12382281034,15712.502203085802,0.6204436024847398,0.05760810142313195,991.5541732728285,2898.282022856145,1981.9366489193694,4089.454990147211,3668.9795804665273,5331.2591487068885,3670.0000000001983,6459.493612670707,4169.827620986805,8590.276459412255,10410.973308028751,12066.175126908971,10410.973308028751,12228.756599129107,True,True,True,15737.694957490121
QS20_A20_E100_T50_C100_R1,0.2,2,1450.0210191515594,18.678222565777386,539.1911259514522,929.5081157658844,1548.8838835720812,25324.62602589614,2478.391999337966,1560.3565566320042,9086.290283478584,12895.744551065043,12569.61578302196,10417.352551727077,14907.273474169064,0.5886473292409281,0.062352657404220295,991.5541732728285,2906.128597077629,1981.9366489193694,4097.301564368695,3668.9795804665273,5520.937725085834,3670.0000000001874,6692.690430698865,3674.73095275621,9086.290283478584,10410.973308028751,12895.744551065043,10410.973308028751,13059.603801090652,True,True,True,15735.510855942193
QS20_A20_E200_T0_C80_R0,0.2,1,1618.7311423552544,0.0,535.218632490536,1083.5125098647184,1548.8838835720812,25324.62602589614,2632.3963934368,1433.7384329763643,8894.4592396156,9486.018171027074,10029.920173594053,6853.621777590273,18471.004248305868,0.7293692799024166,0.058660184107970005,991.5541732728285,3074.8387202813237,1981.9366489193694,4266.011687572391,3668.9795804665273,5804.935840089396,4535.88935030685,7328.14964080769,5854.688793730791,8894.4592396156,7198.9733080287515,9486.018171027074,7198.9733080287515,9721.870710776173,True,True,True,18951.483349403108
QS20_A20_E200_T0_C80_R1,0.2,1,1612.8051281429043,16.231436427419762,536.0672002964465,1092.9693642738775,1548.8838835720812,25324.62602589614,2641.8532478459592,1493.822499717527,9613.865797436505,10341.972886593216,10774.589979707129,7700.119638747256,17624.506387148886,0.695943401854252,0.06201418299413077,991.5541732728285,3068.912706068974,1981.9366489193694,4260.08567336004,3668.9795804665273,5840.793641222641,4535.88935030685,7567.997802873417,5850.94619055112,9613.865797436505,7198.9733080287515,10341.972886593216,7198.9733080287515,10515.965983900549,True,True,True,18950.6347815972
QS20_A20_E200_T0_C100_R0,0.2,1,1874.2227431850638,0.0,591.579096434566,1282.6436467504977,1548.8838835720812,25324.62602589614,2831.527530322579,1228.0041602848512,7134.487026620979,7959.457667920492,8431.02455785763,5127.930137597913,20196.69588829823,0.7975121080819019,0.06350759816577964,991.5541732728285,3330.3303211111333,1981.9366489193694,4521.503288402199,3668.9795804665273,5732.0190090499955,3670.0000000003092,6461.884681560515,3670.000000001145,7134.487026620979,3670.9733080287515,7959.457667920492,3670.9733080287515,8293.76106662654,True,True,True,22423.12288545908
QS20_A20_E200_T0_C100_R1,0.2,1,1866.8152254196266,20.289295534274704,592.639806191954,1294.4647147619473,1548.8838835720812,25324.62602589614,2843.348598334029,1282.8408420144344,7517.734452844378,8328.634677499185,8752.75257230674,5485.2860791651565,19839.339946730986,0.7834011024069584,0.06524736801917858,991.5541732728285,3322.9228033456957,1981.9366489193694,4514.095770636763,3668.9795804665273,5909.94388254576,3670.0000000003047,6899.890820227882,3670.000000001126,7517.734452844378,3670.9733080287515,8328.634677499185,3670.9733080287515,8658.266241470625,True,True,True,22422.062175701692
QS20_A20_E200_T50_C80_R0,0.2,2,1617.8392430862827,0.0,534.3736752883524,1083.4655677979304,1548.8838835720812,25324.62602589614,2632.349451370012,1440.1422717966577,8893.567340346628,9485.126271758101,10113.439583234545,6852.77682038809,18471.84920550805,0.7294026449440689,0.05865495954107594,991.5541732728285,3073.946821012352,1981.9366489193694,4265.119788303418,3668.9795804665273,5804.043940820425,4542.325224023862,7327.2577415387195,5894.593122779526,8893.567340346628,7198.9733080287515,9485.126271758101,7198.9733080287515,9720.9788115072,True,True,True,18952.328306605294
QS20_A20_E200_T50_C80_R1,0.2,2,1620.287910087589,17.533511219746835,536.0190453446664,1101.8023759626692,1548.8838835720812,25324.62602589614,2650.686259534751,1498.47725953698,9652.103676699115,10360.094920154746,10797.52765501174,7709.408660619995,17615.217365276145,0.6955766038662682,0.06254832700132264,991.5541732728285,3076.3954880136585,1981.9366489193694,4267.568455304725,3668.9795804665273,5859.247667890768,4535.88935030685,7613.812678409613,5850.946190551353,9652.103676699115,7198.9733080287515,10360.094920154746,7198.9733080287515,10538.756984138365,True,True,True,18950.68293654898
QS20_A20_E200_T50_C100_R0,0.2,2,1873.1078690988488,0.0,590.5228999318364,1282.5849691670123,1548.8838835720812,25324.62602589614,2831.468852739094,1235.6249235393552,7133.372152534765,7958.3427938342775,8535.423819908245,5126.873941095184,20197.75208480096,0.7975538143839673,0.06350137202308628,991.5541732728285,3329.2154470249184,1981.9366489193694,4520.388414315985,3668.9795804665273,5730.904134963782,3670.0000000001382,6460.7698074743,3670.0000000006003,7133.372152534765,3670.9733080287515,7958.3427938342775,3670.9733080287515,8292.646192540324,True,True,True,22424.17908196181
QS20_A20_E200_T50_C100_R1,0.2,2,1876.168702850482,21.91688902468354,592.5796125022289,1305.5059793729367,1548.8838835720812,25324.62602589614,2854.389862945018,1288.2990687793745,7550.752342644187,8354.599800218812,8789.840229522024,5500.209937273794,19824.416088622347,0.7828118001960046,0.06585343919018095,991.5541732728285,3332.276280776551,1981.9366489193694,4523.449248067618,3668.9795804665273,5947.0854087847565,3670.0000000001273,6935.3602942743855,3670.000000000548,7550.752342644187,3670.9733080287515,8354.599800218812,3670.9733080287515,8686.18933534693,True,True,True,22422.122369391418
QS20_A20_E200_T100_C80_R0,0.2,2,1618.1402246738944,0.0,534.658815739774,1083.4814089341203,1548.8838835720812,25324.62602589614,2632.365292506202,1439.4681273662459,8893.86832193424,9485.427253345713,10085.255005239569,6853.061960839512,18471.564065056627,0.7293913855299662,0.058656722577368745,991.5541732728285,3074.2478025999635,1981.9366489193694,4265.42076989103,3668.9795804665273,5804.344922408036,4535.88935030685,7327.558723126331,5856.412247791515,8893.86832193424,7198.9733080287515,9485.427253345713,7198.9733080287515,9721.279793094813,True,True,True,18952.04316615387
QS20_A20_E200_T100_C80_R1,0.2,2,1618.2626751266162,16.891505764885128,536.0597768257078,1099.0944040657935,1548.8838835720812,25324.62602589614,2647.978287637875,1496.1450548159034,9639.958883847063,10360.213687254709,10789.472271889981,7712.235399616834,17612.390626279306,0.695464983698849,0.06240461203636056,991.5541732728285,3074.3702530526857,1981.9366489193694,4265.543220343752,3668.9795804665273,5849.901827229924,4535.88935030685,7594.310777023412,5850.946190551236,9639.958883847063,7198.9733080287515,10360.213687254709,7198.9733080287515,10529.427718808394,True,True,True,18950.64220506794
QS20_A20_E200_T100_C100_R0,0.2,2,1873.4840960833635,0.0,590.8793254961136,1282.60477058725,1548.8838835720812,25324.62602589614,2831.4886541593314,1234.7420003969387,7133.748379519279,7958.719020818792,8500.193097414529,5127.230366659461,20197.39565923668,0.7975397401163389,0.06350347303320211,991.5541732728285,3329.591674009433,1981.9366489193694,4520.7646413004995,3668.9795804665273,5731.280361948296,3670.0000000002037,6461.146034458815,3670.000000000892,7133.748379519279,3670.9733080287515,7958.719020818792,3670.9733080287515,8293.02241952484,True,True,True,22423.822656397533
QS20_A20_E200_T100_C100_R1,0.2,2,1873.6371591492657,21.11438220610641,592.6305268535307,1302.1210145018415,1548.8838835720812,25324.62602589614,2851.004898073923,1285.4212754341756,7540.80480308781,8342.617572087025,8773.154124381372,5491.612674013102,19833.01335188304,0.7831512825343381,0.06565421962861795,991.5541732728285,3329.7447370753353,1981.9366489193694,4520.917704366401,3668.9795804665273,5925.0195808331855,3670.000000000199,6928.206953933875,3670.000000000872,7540.80480308781,3670.9733080287515,8342.617572087025,3670.9733080287515,8675.379457022686,True,True,True,22422.071455040117
QS20_A50_E100_T0_C80_R0,0.2,1,966.8196290637861,0.0,383.7235146354609,583.0961144283252,1548.8838835720812,25324.62602589614,2131.979998000407,2152.208972418542,12596.341951470802,17218.068235424664,16954.678267557898,15086.088237424257,10238.537788471884,0.40429176636220754,0.05695111220714195,991.5541732728285,2422.9272069898557,1981.9366489193694,3614.100174280922,3668.9795804665273,5525.963065023375,7999.446751534615,9515.404793131274,9337.443968658205,12596.341951470802,16054.973308028751,17218.068235424664,16054.973308028751,17384.627630197218,True,True,True,10246.978467258185
QS20_A50_E100_T0_C80_R1,0.2,1,966.4502919637621,5.201111243444532,384.12137198647184,587.5300312207348,1548.8838835720812,25324.62602589614,2136.4139147928167,2178.4002561066663,12843.380386391505,17586.76831102462,17260.041634025707,15450.354396231805,9874.271629664336,0.38990789516762164,0.059501100765313585,991.5541732728285,2422.5578698898316,1981.9366489193694,3613.730837180898,3668.9795804665273,5525.593727923351,7999.446751534615,9575.66871359986,9318.73095275621,12843.380386391505,16054.973308028751,17586.76831102462,16054.973308028751,17753.43158120385,True,True,True,10246.580609907174
QS20_A50_E100_T0_C100_R0,0.2,1,1059.3333515707286,0.0,402.21019911572205,657.1231524550066,1548.8838835720812,25324.62602589614,2206.0070360270884,2044.2495232167191,11862.717667302413,16005.322453062023,15841.894147830164,13799.315417034933,11525.310608861208,0.45510289459263087,0.057015656649615935,991.5541732728285,2515.440929496798,1981.9366489193694,3706.613896787864,3668.9795804665273,5618.476787530318,7999.446751534615,9260.160443580044,8023.4439686582045,11862.717667302413,14740.973308028751,16005.322453062023,14740.973308028751,16173.276837218653,True,True,True,11542.491782777925
QS20_A50_E100_T0_C100_R1,0.2,1,1058.8716801956984,6.501389054305665,402.70752080448574,662.6655484455184,1548.8838835720812,25324.62602589614,2211.5494320176,2075.5845321316397,12101.496542764151,16459.152225652273,16210.675967543275,14247.602793634673,11077.023232261468,0.43740125603175595,0.059823432211961666,991.5541732728285,2514.979258121768,1981.9366489193694,3706.152225412834,3668.9795804665273,5618.015116155288,7999.446751534615,9422.57891351872,8004.73095275621,12101.496542764151,14740.973308028751,16459.152225652273,14740.973308028751,16629.675413724013,True,True,True,11541.99446108916
QS20_A50_E200_T0_C80_R0,0.2,1,1311.5663683988053,0.0,426.53621505811054,885.0301533406947,1548.8838835720812,25324.62602589614,2433.9140369127763,1877.013890766374,11906.124618874075,12526.749389281986,13171.107881293532,10092.83535236921,15231.790673526932,0.6014616230838472,0.058104143649957696,991.5541732728285,2767.6739463248746,1981.9366489193694,3958.846913615941,3668.9795804665273,5870.709804358395,7999.446751534615,9860.151532466292,9314.946190551353,11906.124618874075,10662.973308028751,12526.749389281986,10662.973308028751,12739.473208424275,True,True,True,15596.165766835535
QS20_A50_E200_T0_C80_R1,0.2,1,1307.3684389229002,7.792044410569461,426.83216122709314,888.3283221063764,1548.8838835720812,25324.62602589614,2437.2122056784583,1915.4094957352531,12245.70497689253,13153.398069283117,13714.502603785922,10716.18586360466,14608.440162291481,0.5768472216471574,0.06080925220198411,991.5541732728285,2763.4760168489697,1981.9366489193694,3954.648984140036,3668.9795804665273,5866.51187488249,7999.446751534615,9911.806811397977,9314.946190551353,12245.70497689253,10662.973308028751,13153.398069283117,10662.973308028751,13351.786344924047,True,True,True,15595.869820666552
QS20_A50_E200_T0_C100_R0,0.2,1,1490.2667757395022,0.0,455.72607464403416,1034.5407010954682,1548.8838835720812,25324.62602589614,2583.42458466755,1731.351298483312,10122.265576265883,10905.351573298278,11609.048680193491,8321.926988630728,17002.69903726541,0.671389935625466,0.06084567507946998,991.5541732728285,2946.3743536655716,1981.9366489193694,4137.547320956638,3668.9795804665273,6049.410211699092,7999.446751534615,9601.689875081189,8000.000000000167,10122.265576265883,8000.9733080287515,10905.351573298278,8000.9733080287515,11222.730994714133,True,True,True,18228.975907249613
QS20_A50_E200_T0_C100_R1,0.2,1,1485.019363894621,9.740055513211823,456.0960073552624,1038.6634120525705,1548.8838835720812,25324.62602589614,2587.5472956246517,1772.6106903238212,10628.782352708804,11364.02524485448,12032.38729024695,8776.477949229828,16548.148076666315,0.6534409653175023,0.0627661420021456,991.5541732728285,2941.1269418206903,1981.9366489193694,4132.299909111757,3668.9795804665273,6044.16279985421,7999.446751534615,9843.318450378174,8000.000000000167,10628.782352708804,8000.9733080287515,11364.02524485448,8000.9733080287515,11657.388547948878,True,True,True,18228.605974538383
QS20_A50_E200_T100_C80_R0,0.2,2,1311.3449643733306,0.0,426.32646387608224,885.0185004972484,1548.8838835720812,25324.62602589614,2433.9023840693303,1879.432453085664,11905.903214848602,12526.52798525651,13191.840641306853,10092.625601187181,15232.00042470896,0.6014699055825429,0.05810257850712728,991.5541732728285,2767.4525422994,1981.9366489193694,3958.6255095904667,3668.9795804665273,5870.48840033292,7999.446751534615,9859.93012844082,9318.688793731722,11905.903214848602,10662.973308028751,12526.52798525651,10662.973308028751,12739.2518043988,True,True,True,15596.375518017563
QS20_A50_E200_T100_C80_R1,0.2,2,1309.574218613489,7.912181575473644,426.83216122709314,890.6542389618694,1548.8838835720812,25324.62602589614,2439.538122533951,1915.9294050705826,12250.160483895263,13158.230333566618,13719.748089774568,10718.692211032667,14605.933814863474,0.5767482528637509,0.06097893159391908,991.5541732728285,2765.6817965395585,1981.9366489193694,3956.854763830625,3668.9795804665273,5868.717654573078,7999.446751534615,9918.792640249587,9314.946190551236,12250.160483895263,10662.973308028751,13158.230333566618,10662.973308028751,13356.197904305223,True,True,True,15595.869820666552
QS20_A50_E200_T100_C100_R0,0.2,2,1489.9900207076594,0.0,455.46388566649864,1034.5261350411606,1548.8838835720812,25324.62602589614,2583.4100186132423,1734.3309753864123,10121.988821234041,10905.074818266436,11634.964630210145,8321.664799653194,17002.961226242947,0.6714002887488356,0.06084388014979637,991.5541732728285,2946.097598633729,1981.9366489193694,4137.270565924795,3668.9795804665273,6049.1334566672485,7999.446751534615,9601.413120049347,8000.000000000102,10121.988821234041,8000.9733080287515,10905.074818266436,8000.9733080287515,11222.45423968229,True,True,True,18229.238096227145
QS20_A50_E200_T100_C100_R1,0.2,2,1487.7765885078568,9.890226969342056,456.0960073552624,1041.5708081219366,1548.8838835720812,25324.62602589614,2590.454691694018,1773.2228552941317,10637.799701159714,11378.169837803865,12039.893747188225,8787.715146109847,16536.910879786294,0.65299723924358,0.06298460551027635,991.5541732728285,2943.8841664339266,1981.9366489193694,4135.057133724992,3668.9795804665273,6046.920024467446,7999.446751534615,9851.48382183088,8000.000000000102,10637.799701159714,8000.9733080287515,11378.169837803865,8000.9733080287515,11670.364989962422,True,True,True,18228.605974538383
